name,year,age,team,pos,uniform_number,g,gs,fga1,fgm1,fga2,fgm2,fga3,fgm3,fga4,fgm4,fga5,fgm5,fga,fgm,fg_long,fg_perc,xpa,xpm,xp_perc,kickoff,kickoff_yds,kickoff_tb,kickoff_tb_pct,kickoff_yds_avg,av,awards
Matt Ammendola,2021,25,NYJ,K,6,11,0,,,5,5,6,6,5,2,3,,19,13,49,68.4%,15,14,93.3%,47,2762,27,57.4%,58.8,0
Matt Ammendola,2022,26,2TM,K,,4,0,1,1,3,3,2,1,1,,,,7,5,31,71.4%,7,5,71.4%,16,1022,12,75.0%,63.9,0
Matt Ammendola,2023,27,HOU,K,16,5,0,,,2,2,3,3,2,1,2,,9,6,45,66.7%,11,10,90.9%,22,1402,16,72.7%,63.7,0
Brandon Aubrey,2023,28,DAL,K,17,17,0,,,9,9,15,13,4,4,10,10,38,36,60,94.7%,52,49,94.2%,109,7068,99,90.8%,64.8,5,"AP1,PB"
Brandon Aubrey,2024,29,DAL,K,17,2,0,,,,,1,1,4,4,3,3,8,8,57,100.0%,4,4,100.0%,13,833,9,69.2%,64.1,,
Michael Badgley,2019,24,LAC,K,4,8,0,,,5,5,2,2,8,6,1,,16,13,49,81.3%,19,19,100.0%,11,665,1,9.1%,60.5,2
Michael Badgley,2020,25,LAC,K,4,16,0,,,8,8,6,6,13,8,6,2,33,24,53,72.7%,39,36,92.3%,3,177,,,59.0,1
Michael Badgley,2021,26,2TM,K,,13,0,,,4,4,7,6,10,8,1,,22,18,46,81.8%,41,40,97.6%,5,270,3,60.0%,54.0,3
Michael Badgley,2022,27,2TM,K,,13,0,,,7,6,7,7,11,9,3,2,28,24,53,85.7%,33,33,100.0%,5,195,1,20.0%,39.0,3
Michael Badgley,2023,28,DET,K,17,4,0,,,,,3,3,1,1,,,4,4,41,100.0%,15,13,86.7%,1,10,,,10.0,1
Tyler Bass,2020,23,BUF,K,2,16,0,1,1,9,9,9,6,9,8,6,4,34,28,58,82.4%,59,57,96.6%,101,6469,71,70.3%,64.0,3
Tyler Bass,2021,24,BUF,K,2,17,0,,,15,15,8,7,5,4,4,2,32,28,57,87.5%,51,51,100.0%,99,6213,56,56.6%,62.8,3
Tyler Bass,2022,25,BUF,K,2,16,0,,,4,4,13,11,11,10,3,2,31,27,56,87.1%,50,48,96.0%,92,5759,43,46.7%,62.6,3
Tyler Bass,2023,26,BUF,K,2,17,0,,,4,4,13,12,6,4,6,4,29,24,54,82.8%,50,49,98.0%,95,5952,53,55.8%,62.7,3
Tyler Bass,2024,27,BUF,K,2,2,0,,,,,2,2,2,1,,,4,3,43,75.0%,8,8,100.0%,13,795,9,69.2%,61.2,
Jake Bates,2024,25,DET,K,39,2,0,,,2,2,3,3,,,,,5,5,35,100.0%,3,3,100.0%,10,648,9,90.0%,64.8,
Chris Boswell,2019,28,PIT,K,9,16,0,1,1,11,11,7,7,10,9,2,1,31,29,49,93.5%,28,28,100.0%,72,4552,31,43.1%,63.2,5,
Chris Boswell,2020,29,PIT,K,9,13,0,,,5,5,6,6,8,7,1,1,20,19,59,95.0%,38,34,89.5%,73,4622,44,60.3%,63.3,3,
Chris Boswell,2021,30,PIT,K,9,17,0,,,9,9,9,8,13,11,9,8,40,36,56,90.0%,29,27,93.1%,86,5464,40,46.5%,63.5,5,
Chris Boswell,2022,31,PIT,K,9,12,0,,,4,4,5,4,10,5,9,7,28,20,59,71.4%,18,18,100.0%,50,3073,21,42.0%,61.5,1,
Chris Boswell,2023,32,PIT,K,9,17,0,,,9,9,7,7,8,7,7,6,31,29,57,93.5%,28,27,96.4%,76,4833,55,72.4%,63.6,4,
Chris Boswell,2024,33,PIT,K,9,2,0,,,2,2,,,2,2,4,4,8,8,57,100.0%,1,1,100.0%,9,583,7,77.8%,64.8,,
Randy Bullock,2019,30,CIN,K,4,16,0,,,10,10,6,6,12,10,3,1,31,27,57,87.1%,25,24,96.0%,71,4269,46,64.8%,60.1,4
Randy Bullock,2020,31,CIN,K,4,12,0,,,3,3,10,8,8,7,5,3,26,21,55,80.8%,25,24,96.0%,58,3617,43,74.1%,62.4,2
Randy Bullock,2021,32,TEN,K,14,16,0,,,5,5,12,12,13,8,1,1,31,26,51,83.9%,45,42,93.3%,89,5682,50,56.2%,63.8,3
Randy Bullock,2022,33,TEN,K,14,15,0,,,5,5,5,5,8,6,2,1,20,17,51,85.0%,28,28,100.0%,56,3539,31,55.4%,63.2,3
Randy Bullock,2023,34,NYG,K,46,6,0,,,,,2,2,3,2,1,1,6,5,56,83.3%,10,10,100.0%,20,1268,13,65.0%,63.4,1
Harrison Butker,2019,24,KAN,K,7,16,0,,,9,9,9,8,14,14,6,3,38,34,56,89.5%,48,45,93.8%,98,6157,60,61.2%,62.8,5
Harrison Butker,2020,25,KAN,K,7,16,0,2,2,7,7,9,9,5,3,4,4,27,25,58,92.6%,54,48,88.9%,95,6027,72,75.8%,63.4,3
Harrison Butker,2021,26,KAN,K,7,16,0,,,3,3,11,11,5,4,9,7,28,25,56,89.3%,49,47,95.9%,93,5853,61,65.6%,62.9,4
Harrison Butker,2022,27,KAN,K,7,13,0,,,7,7,5,4,5,4,7,3,24,18,62,75.0%,41,38,92.7%,68,4378,44,64.7%,64.4,1
Harrison Butker,2023,28,KAN,K,7,17,0,,,8,8,15,13,7,7,5,5,35,33,60,94.3%,38,38,100.0%,85,5565,74,87.1%,65.5,5
Harrison Butker,2024,29,KAN,K,7,2,0,1,1,,,2,2,,,1,1,4,4,51,100.0%,5,5,100.0%,11,707,9,81.8%,64.3,
Anders Carlson,2023,25,GNB,K,17,17,0,,,6,6,14,14,8,4,5,3,33,27,53,81.8%,39,34,87.2%,86,5466,37,43.0%,63.6,1
Daniel Carlson,2019,24,OAK,K,8,16,0,,,8,8,6,5,10,6,2,,26,19,48,73.1%,36,34,94.4%,71,4496,38,53.5%,63.3,2,
Daniel Carlson,2020,25,LVR,K,2,16,0,,,18,18,8,8,5,3,4,4,35,33,54,94.3%,47,45,95.7%,95,5966,61,64.2%,62.8,4,
Daniel Carlson,2021,26,LVR,K,2,17,0,,,11,10,12,12,13,12,7,6,43,40,56,93.0%,33,30,90.9%,87,5560,53,60.9%,63.9,5,AP2
Daniel Carlson,2022,27,LVR,K,2,17,0,,,9,9,11,11,4,3,13,11,37,34,57,91.9%,36,35,97.2%,90,5548,57,63.3%,61.6,5,AP1
Daniel Carlson,2023,28,LVR,K,2,17,0,,,10,10,7,6,10,9,3,1,30,26,54,86.7%,32,32,100.0%,78,4977,48,61.5%,63.8,3,
Daniel Carlson,2024,29,LVR,K,2,2,0,,,1,1,2,2,1,,2,2,6,5,53,83.3%,3,3,100.0%,10,651,7,70.0%,65.1,,
Mason Crosby,2019,35,GNB,K,2,16,0,1,1,2,2,11,11,8,7,2,1,24,22,54,91.7%,41,40,97.6%,79,5031,49,62.0%,63.7,5
Mason Crosby,2020,36,GNB,K,2,16,0,1,1,1,1,5,5,5,5,4,4,16,16,57,100.0%,63,59,93.7%,82,5236,48,58.5%,63.9,5
Mason Crosby,2021,37,GNB,K,2,17,0,,,9,9,13,9,8,4,4,3,34,25,54,73.5%,51,49,96.1%,94,6030,43,45.7%,64.1,1
Mason Crosby,2022,38,GNB,K,2,17,0,,,10,10,8,8,7,6,4,1,29,25,56,86.2%,39,37,94.9%,74,4494,15,20.3%,60.7,3
Mason Crosby,2023,39,NYG,K,21,3,0,,,2,2,2,2,1,,2,1,7,5,52,71.4%,7,6,85.7%,16,972,2,12.5%,60.8,0
Cameron Dicker,2022,22,2TM,K,,11,0,,,7,7,7,7,7,7,1,,22,21,48,95.5%,24,24,100.0%,55,3519,46,83.6%,64.0,3
Cameron Dicker,2023,23,LAC,K,11,17,0,,,7,7,8,8,9,9,9,7,33,31,55,93.9%,35,35,100.0%,81,5168,68,84.0%,63.8,5
Cameron Dicker,2024,24,LAC,K,11,2,0,,,2,2,,,2,2,1,1,5,5,53,100.0%,4,3,75.0%,12,735,7,58.3%,61.3,
Jake Elliott,2019,24,PHI,K,4,16,0,,,7,7,8,8,7,5,4,2,26,22,53,84.6%,37,35,94.6%,81,5058,52,64.2%,62.4,3,
Jake Elliott,2020,25,PHI,K,4,16,0,,,3,1,6,6,5,5,5,2,19,14,54,73.7%,26,24,92.3%,73,4508,46,63.0%,61.8,2,
Jake Elliott,2021,26,PHI,K,4,17,0,,,7,7,10,10,13,10,3,3,33,30,58,90.9%,44,44,100.0%,96,6071,61,63.5%,63.2,5,PB
Jake Elliott,2022,27,PHI,K,4,16,0,,,6,6,9,8,2,1,6,5,23,20,56,87.0%,53,51,96.2%,91,5893,63,69.2%,64.8,3,
Jake Elliott,2023,28,PHI,K,4,17,0,,,9,9,8,7,7,7,8,7,32,30,61,93.8%,46,45,97.8%,91,5846,73,80.2%,64.2,5,AP2
Jake Elliott,2024,29,PHI,K,4,2,0,,,3,3,1,1,,,,,4,4,38,100.0%,5,5,100.0%,,,,,,,
Ka'imi Fairbairn,2019,25,HOU,K,7,16,0,,,5,5,8,8,6,4,6,3,25,20,54,80.0%,45,40,88.9%,81,5091,42,51.9%,62.9,3
Ka'imi Fairbairn,2020,26,HOU,K,7,16,0,,,8,8,9,9,8,6,6,4,31,27,54,87.1%,40,37,92.5%,85,5343,52,61.2%,62.9,3
Ka'imi Fairbairn,2021,27,HOU,K,7,13,0,,,4,4,5,5,4,2,6,4,19,15,61,78.9%,16,13,81.3%,44,2656,16,36.4%,60.4,1
Ka'imi Fairbairn,2022,28,HOU,K,7,17,0,,,7,7,8,7,10,9,6,6,31,29,56,93.5%,24,24,100.0%,75,4564,33,44.0%,60.9,5
Ka'imi Fairbairn,2023,29,HOU,K,15,12,0,,,10,10,10,10,2,2,6,5,28,27,54,96.4%,22,21,95.5%,58,3624,37,63.8%,62.5,3
Ka'imi Fairbairn,2024,30,HOU,K,15,2,0,,,,,,,1,1,6,6,7,7,59,100.0%,3,3,100.0%,13,840,7,53.8%,64.6,
Nick Folk,2019,35,NWE,K,2,7,0,1,1,5,5,3,3,7,4,1,1,17,14,46,82.4%,12,12,100.0%,1,41,,,41.0,1,
Nick Folk,2020,36,NWE,K,6,16,0,,,6,6,7,7,12,11,3,2,28,26,51,92.9%,33,30,90.9%,3,172,,,57.3,4,
Nick Folk,2021,37,NWE,K,6,17,0,,,9,9,11,11,11,11,8,5,39,36,53,92.3%,47,42,89.4%,12,725,3,25.0%,60.4,4,
Nick Folk,2022,38,NWE,K,6,17,0,1,1,9,9,8,8,14,10,5,4,37,32,54,86.5%,35,32,91.4%,33,1953,3,9.1%,59.2,3,
Nick Folk,2023,39,TEN,K,6,17,0,,,9,9,9,9,6,6,6,5,30,29,53,96.7%,30,28,93.3%,63,3927,32,50.8%,62.3,5,
Nick Folk,2024,40,TEN,K,6,2,0,,,,,,,2,2,,,2,2,41,100.0%,4,4,100.0%,7,449,3,42.9%,64.1,,
Graham Gano,2020,33,NYG,K,5,16,0,,,4,4,13,13,9,9,6,5,32,31,55,96.9%,23,21,91.3%,73,4357,30,41.1%,59.7,5,
Graham Gano,2021,34,NYG,K,5,17,0,,,5,5,13,12,5,5,10,7,33,29,55,87.9%,17,17,100.0%,63,3901,26,41.3%,61.9,4,
Graham Gano,2022,35,NYG,K,9,17,0,,,2,2,10,9,11,10,9,8,32,29,57,90.6%,34,32,94.1%,84,5117,50,59.5%,60.9,5,
Graham Gano,2023,36,NYG,K,9,8,0,,,2,2,5,3,6,3,4,3,17,11,57,64.7%,8,8,100.0%,28,1819,23,82.1%,65.0,0,
Graham Gano,2024,37,NYG,K,9,2,0,,,1,1,,,,,1,1,2,2,50,100.0%,,,,4,258,3,75.0%,64.5,,
Matt Gay,2019,25,TAM,K,9,16,0,,,6,6,7,5,14,11,8,5,35,27,58,77.1%,48,43,89.6%,1,14,,,14.0,3,
Matt Gay,2020,26,LAR,K,1,7,0,,,2,2,6,5,7,6,1,1,16,14,51,87.5%,16,16,100.0%,35,2234,28,80.0%,63.8,2,
Matt Gay,2021,27,LAR,K,8,17,0,,,6,6,15,15,8,7,5,4,34,32,55,94.1%,49,48,98.0%,102,6309,65,63.7%,61.9,5,PB
Matt Gay,2022,28,LAR,K,8,17,0,,,9,9,8,8,4,4,9,7,30,28,58,93.3%,32,31,96.9%,77,4843,61,79.2%,62.9,5,
Matt Gay,2023,29,IND,K,7,17,0,,,9,9,10,9,9,7,13,8,41,33,57,80.5%,36,35,97.2%,92,5898,72,78.3%,64.1,2,
Matt Gay,2024,30,IND,K,7,1,0,,,,,1,1,,,1,,2,1,34,50.0%,1,1,100.0%,3,138,2,66.7%,46.0,,
Zane Gonzalez,2019,24,ARI,K,5,16,0,,,12,12,13,12,8,5,2,2,35,31,54,88.6%,35,34,97.1%,83,5241,45,54.2%,63.1,4
Zane Gonzalez,2020,25,ARI,K,5,12,0,,,4,4,2,2,13,8,3,2,22,16,56,72.7%,39,38,97.4%,65,4112,36,55.4%,63.3,2
Zane Gonzalez,2021,26,CAR,K,5,12,0,,,6,6,1,1,10,10,5,3,22,20,57,90.9%,23,22,95.7%,55,3568,35,63.6%,64.9,4
Blake Grupe,2023,25,NOR,K,19,17,0,,,12,10,6,6,10,8,9,6,37,30,55,81.1%,40,40,100.0%,91,5828,76,83.5%,64.0,3
Blake Grupe,2024,26,NOR,K,19,2,0,,,1,1,1,1,1,1,2,2,5,5,57,100.0%,11,10,90.9%,18,1148,4,22.2%,63.8,
Lucas Havrisik,2023,24,LAR,K,8,9,0,,,8,8,3,3,6,2,3,2,20,15,52,75.0%,22,19,86.4%,8,524,7,87.5%,65.5,0
Dustin Hopkins,2019,29,WAS,K,3,16,0,,,8,7,9,8,10,8,3,2,30,25,53,83.3%,22,21,95.5%,68,4231,48,70.6%,62.2,3
Dustin Hopkins,2020,30,WAS,K,3,16,0,,,5,5,8,7,17,13,4,2,34,27,51,79.4%,32,30,93.8%,78,4808,65,83.3%,61.6,2
Dustin Hopkins,2021,31,2TM,K,,17,0,1,1,8,8,6,6,14,13,5,2,34,30,50,88.2%,44,40,90.9%,100,6298,71,71.0%,63.0,4
Dustin Hopkins,2022,32,LAC,K,4,5,0,,,2,2,6,6,2,1,,,10,9,43,90.0%,12,12,100.0%,19,1175,17,89.5%,61.8,1
Dustin Hopkins,2023,33,CLE,K,7,15,0,,,8,8,7,7,13,10,8,8,36,33,58,91.7%,26,24,92.3%,77,4890,50,64.9%,63.5,4
Dustin Hopkins,2024,34,CLE,K,7,2,0,,,,,1,1,1,1,2,2,4,4,53,100.0%,3,3,100.0%,9,583,7,77.8%,64.8,
Greg Joseph,2019,25,TEN,K,7,2,0,,,,,,,,,,,,,30,,9,9,100.0%,11,689,6,54.5%,62.6,0
Greg Joseph,2021,27,MIN,K,1,17,0,,,8,8,12,11,9,7,9,7,38,33,55,86.8%,40,36,90.0%,94,6004,76,80.9%,63.9,3
Greg Joseph,2022,28,MIN,K,1,17,0,,,10,10,5,5,8,7,10,4,33,26,61,78.8%,46,40,87.0%,89,5639,54,60.7%,63.4,2
Greg Joseph,2023,29,MIN,K,1,17,0,1,1,7,7,9,9,6,3,7,4,30,24,54,80.0%,38,36,94.7%,79,5084,61,77.2%,64.4,2
Joshua Karty,2024,22,LAR,K,16,2,0,,,2,2,,,1,1,,,3,3,41,100.0%,3,3,100.0%,,,,,,
Younghoe Koo,2019,25,ATL,K,7,8,0,,,6,6,10,9,9,7,1,1,26,23,48,88.5%,16,15,93.8%,50,3041,27,54.0%,60.8,3,
Younghoe Koo,2020,26,ATL,K,7,15,0,,,10,10,12,11,9,8,8,8,39,37,54,94.9%,36,33,91.7%,66,4160,28,42.4%,63.0,5,PB
Younghoe Koo,2021,27,ATL,K,7,17,0,,,8,8,9,9,7,6,5,4,29,27,54,93.1%,30,30,100.0%,56,3508,29,51.8%,62.6,5,
Younghoe Koo,2022,28,ATL,K,7,17,0,,,9,9,7,7,10,9,11,7,37,32,54,86.5%,35,33,94.3%,,,,,,4,
Younghoe Koo,2023,29,ATL,K,6,17,0,,,10,10,10,10,11,9,6,3,37,32,54,86.5%,28,27,96.4%,3,192,2,66.7%,64.0,3,
Younghoe Koo,2024,30,ATL,K,6,2,0,,,2,2,2,2,,,,,4,4,39,100.0%,2,2,100.0%,,,,,,,
Cam Little,2024,21,JAX,K,39,2,0,,,2,2,,,1,,1,1,4,3,53,75.0%,3,3,100.0%,8,474,6,75.0%,59.3,
Wil Lutz,2019,25,NOR,K,3,16,0,1,1,9,9,6,6,15,13,5,3,36,32,55,88.9%,49,48,98.0%,94,6082,74,78.7%,64.7,5,PB
Wil Lutz,2020,26,NOR,K,3,16,0,,,6,5,10,10,9,7,3,1,28,23,53,82.1%,58,57,98.3%,94,5929,71,75.5%,63.1,3,
Wil Lutz,2022,28,NOR,K,3,17,0,,,6,6,11,9,8,4,6,4,31,23,60,74.2%,33,33,100.0%,75,4554,48,64.0%,60.7,1,
Wil Lutz,2023,29,DEN,K,16,17,0,,,11,11,13,12,5,4,5,3,34,30,52,88.2%,31,29,93.5%,81,5123,71,87.7%,63.2,3,
Wil Lutz,2024,30,DEN,K,3,2,0,,,1,1,3,3,1,1,,,5,5,45,100.0%,1,1,100.0%,8,520,4,50.0%,65.0,,
Brett Maher,2019,30,DAL,K,2,13,0,,,9,9,8,6,5,1,8,4,30,20,63,66.7%,36,36,100.0%,69,4170,36,52.2%,60.4,0
Brett Maher,2021,32,NOR,K,19,8,0,,,4,4,9,8,4,4,1,,18,16,42,88.9%,12,10,83.3%,37,2245,18,48.6%,60.7,1
Brett Maher,2022,33,DAL,K,19,17,0,,,9,9,5,5,7,6,11,9,32,29,60,90.6%,53,50,94.3%,100,6506,78,78.0%,65.1,4
Brett Maher,2023,34,LAR,K,8,8,0,,,3,3,4,4,9,7,7,3,23,17,54,73.9%,15,13,86.7%,2,56,,,28.0,0
Chase McLaughlin,2019,23,3TM,K,,11,0,1,1,5,5,4,4,10,5,3,3,23,18,50,78.3%,26,26,100.0%,18,1064,7,38.9%,59.1,2
Chase McLaughlin,2020,24,2TM,K,,4,0,,,1,1,1,1,1,1,2,1,5,4,52,80.0%,6,5,83.3%,3,177,,,59.0,0
Chase McLaughlin,2021,25,CLE,K,3,16,0,,,3,3,4,4,10,4,4,4,21,15,57,71.4%,37,36,97.3%,69,4347,31,44.9%,63.0,2
Chase McLaughlin,2022,26,IND,K,7,16,0,,,7,7,6,5,11,9,12,9,36,30,54,83.3%,21,21,100.0%,72,4682,38,52.8%,65.0,3
Chase McLaughlin,2023,27,TAM,K,4,17,0,,,8,8,12,12,3,2,8,7,31,29,57,93.5%,33,33,100.0%,4,255,3,75.0%,63.8,4
Chase McLaughlin,2024,28,TAM,K,4,2,0,,,1,1,2,2,,,2,2,5,5,56,100.0%,6,6,100.0%,,,,,,
Brandon McManus,2019,28,DEN,K,8,16,0,,,6,6,9,9,12,10,7,4,34,29,53,85.3%,26,25,96.2%,72,4634,55,76.4%,64.4,5
Brandon McManus,2020,29,DEN,K,8,15,0,,,6,6,5,4,8,8,15,10,34,28,58,82.4%,27,24,88.9%,73,4516,54,74.0%,61.9,4
Brandon McManus,2021,30,DEN,K,8,17,0,,,8,7,6,6,8,8,9,5,31,26,61,83.9%,34,33,97.1%,78,4975,62,79.5%,63.8,4
Brandon McManus,2022,31,DEN,K,8,17,0,,,7,6,6,4,10,10,13,8,36,28,55,77.8%,27,25,92.6%,73,4580,51,69.9%,62.7,2
Brandon McManus,2023,32,JAX,K,10,17,0,,,4,4,10,10,13,11,10,5,37,30,56,81.1%,35,35,100.0%,86,5421,65,75.6%,63.0,3
Evan McPherson,2021,22,CIN,K,2,16,0,,,5,5,8,8,9,6,11,9,33,28,58,84.8%,48,46,95.8%,91,5814,55,60.4%,63.9,4
Evan McPherson,2022,23,CIN,K,2,16,0,1,1,6,5,4,4,13,9,5,5,29,24,59,82.8%,44,40,90.9%,90,5604,51,56.7%,62.3,3
Evan McPherson,2023,24,CIN,K,2,17,0,,,5,5,6,6,8,8,12,7,31,26,56,83.9%,40,40,100.0%,82,5162,63,76.8%,63.0,4
Evan McPherson,2024,25,CIN,K,2,2,0,,,1,1,1,1,1,1,2,2,5,5,53,100.0%,3,2,66.7%,10,647,9,90.0%,64.7,
Jake Moody,2023,24,SFO,K,4,17,0,,,7,7,9,8,6,4,3,2,25,21,57,84.0%,61,60,98.4%,90,5680,54,60.0%,63.1,3
Jake Moody,2024,25,SFO,K,4,2,0,,,1,1,2,2,2,2,2,2,7,7,53,100.0%,4,4,100.0%,12,780,9,75.0%,65.0,
Jason Myers,2019,28,SEA,K,5,16,0,,,6,6,11,11,7,4,4,2,28,23,54,82.1%,44,40,90.9%,85,5337,59,69.4%,62.8,3,
Jason Myers,2020,29,SEA,K,5,16,0,,,2,2,7,7,13,13,2,2,24,24,61,100.0%,53,49,92.5%,91,5792,52,57.1%,63.6,5,
Jason Myers,2021,30,SEA,K,5,17,0,,,2,2,11,9,5,3,5,3,23,17,53,73.9%,47,44,93.6%,83,5078,31,37.3%,61.2,2,
Jason Myers,2022,31,SEA,K,5,17,0,,,9,9,16,15,6,4,6,6,37,34,56,91.9%,42,41,97.6%,93,5839,54,58.1%,62.8,4,PB
Jason Myers,2023,32,SEA,K,5,17,0,,,8,8,12,11,14,12,8,4,42,35,55,83.3%,33,33,100.0%,86,5430,55,64.0%,63.1,3,
Jason Myers,2024,33,SEA,K,5,2,0,,,1,1,2,2,1,1,1,1,5,5,50,100.0%,4,4,100.0%,13,849,10,76.9%,65.3,,
Brayden Narveson,2024,25,GNB,K,44,2,0,,,2,2,2,2,4,2,,,8,6,46,75.0%,3,3,100.0%,12,782,10,83.3%,65.2,
Riley Patterson,2021,22,DET,K,6,7,0,,,3,3,6,6,4,4,1,,14,13,49,92.9%,16,16,100.0%,2,14,,,7.0,2
Riley Patterson,2022,23,JAX,K,10,17,0,,,8,8,11,10,13,10,3,2,35,30,53,85.7%,37,36,97.3%,88,5492,44,50.0%,62.4,3
Riley Patterson,2023,24,2TM,K,,15,0,,,3,2,11,11,2,2,2,1,18,16,52,88.9%,44,41,93.2%,16,969,6,37.5%,60.6,2
Eddy Pineiro,2019,24,CHI,K,15,16,0,1,1,8,8,10,9,7,3,2,2,28,23,53,82.1%,29,27,93.1%,52,3141,26,50.0%,60.4,2
Eddy Pineiro,2021,26,NYJ,K,15,5,0,,,2,2,2,2,3,3,1,1,8,8,51,100.0%,10,9,90.0%,,,,,,2
Eddy Pineiro,2022,27,CAR,K,4,17,0,,,2,2,17,16,14,13,2,2,35,33,54,94.3%,32,30,93.8%,83,5146,46,55.4%,62.0,5
Eddy Pineiro,2023,28,CAR,K,4,15,0,,,6,6,7,7,9,7,7,5,29,25,56,86.2%,20,17,85.0%,57,3532,36,63.2%,62.0,3
Eddy Pineiro,2024,29,CAR,K,4,2,0,,,,,1,1,1,1,,,2,2,43,100.0%,1,1,100.0%,4,250,1,25.0%,62.5,
Matt Prater,2019,35,DET,K,5,16,0,,,11,11,3,2,9,6,8,7,31,26,56,83.9%,36,35,97.2%,19,1159,8,42.1%,61.0,4,
Matt Prater,2020,36,DET,K,5,16,0,,,4,4,7,7,7,4,10,6,28,21,59,75.0%,41,38,92.7%,18,1065,7,38.9%,59.2,2,
Matt Prater,2021,37,ARI,K,5,17,0,,,11,11,11,9,5,3,10,7,37,30,62,81.1%,49,47,95.9%,97,6013,73,75.3%,62.0,2,
Matt Prater,2022,38,ARI,K,5,13,0,,,1,1,10,10,8,6,6,5,25,22,57,88.0%,18,17,94.4%,49,3098,34,69.4%,63.2,3,
Matt Prater,2023,39,ARI,K,5,17,0,,,6,6,8,7,7,6,12,9,33,28,62,84.8%,23,22,95.7%,79,4842,66,83.5%,61.3,4,
Matt Prater,2024,40,ARI,K,5,2,0,,,1,1,1,1,1,1,1,1,4,4,57,100.0%,7,7,100.0%,14,858,11,78.6%,61.3,,
Will Reichard,2024,23,MIN,K,16,2,0,,,2,2,1,1,,,,,3,3,39,100.0%,6,6,100.0%,10,645,8,80.0%,64.5,
Chad Ryland,2023,24,NWE,K,37,17,0,,,4,4,7,5,10,5,4,2,25,16,56,64.0%,25,24,96.0%,60,3814,39,65.0%,63.6,0
Jason Sanders,2019,24,MIA,K,7,16,0,,,7,7,9,8,9,5,5,3,30,23,54,76.7%,30,29,96.7%,71,4314,49,69.0%,60.8,2,
Jason Sanders,2020,25,MIA,K,7,16,0,1,1,8,8,7,7,14,12,9,8,39,36,56,92.3%,36,36,100.0%,91,5540,64,70.3%,60.9,6,AP1
Jason Sanders,2021,26,MIA,K,7,17,0,,,6,6,9,7,10,8,6,2,31,23,51,74.2%,35,34,97.1%,78,4969,56,71.8%,63.7,2,
Jason Sanders,2022,27,MIA,K,7,17,0,,,6,5,7,7,13,12,6,2,32,26,55,81.3%,44,41,93.2%,88,5486,61,69.3%,62.3,3,
Jason Sanders,2023,28,MIA,K,7,17,0,,,6,6,7,7,8,6,7,5,28,24,57,85.7%,59,58,98.3%,90,5803,76,84.4%,64.5,4,
Jason Sanders,2024,29,MIA,K,7,2,0,,,,,2,2,1,,1,1,4,3,52,75.0%,3,3,100.0%,7,450,4,57.1%,64.3,,
Cairo Santos,2019,28,TEN,K,7,5,0,,,,,3,1,3,2,3,1,9,4,53,44.4%,12,12,100.0%,21,1339,12,57.1%,63.8,0
Cairo Santos,2020,29,CHI,K,2,16,0,,,9,9,10,10,10,9,3,2,32,30,55,93.8%,37,36,97.3%,86,5252,42,48.8%,61.1,5
Cairo Santos,2021,30,CHI,K,2,17,0,,,10,10,5,5,13,11,2,,30,26,47,86.7%,28,27,96.4%,71,4443,34,47.9%,62.6,3
Cairo Santos,2022,31,CHI,K,2,16,0,,,4,4,7,7,7,6,5,4,23,21,51,91.3%,32,27,84.4%,49,3076,28,57.1%,62.8,3
Cairo Santos,2023,32,CHI,K,8,17,0,,,9,9,11,11,10,8,8,7,38,35,55,92.1%,33,31,93.9%,76,4830,60,78.9%,63.6,4
Cairo Santos,2024,33,CHI,K,8,2,0,,,1,1,,,1,1,3,3,5,5,54,100.0%,2,2,100.0%,10,644,2,20.0%,64.4,
Austin Seibert,2019,23,CLE,K,4,16,0,,,6,6,9,9,12,9,2,1,29,25,53,86.2%,35,30,85.7%,75,4753,30,40.0%,63.4,3
Austin Seibert,2020,24,2TM,K,,5,0,,,,,5,5,3,1,1,,9,6,48,66.7%,9,8,88.9%,20,1290,13,65.0%,64.5,0
Austin Seibert,2021,25,DET,K,4,6,0,,,,,4,4,6,5,2,1,12,10,52,83.3%,5,5,100.0%,26,1324,5,19.2%,50.9,1
Austin Seibert,2022,26,DET,K,19,3,0,,,,,1,1,3,2,1,,5,3,48,60.0%,12,12,100.0%,18,1096,3,16.7%,60.9,0
Austin Seibert,2023,27,NYJ,K,15,1,0,,,,,1,1,,,,,1,1,34,100.0%,1,1,100.0%,3,176,2,66.7%,58.7,0
Austin Seibert,2024,28,WAS,K,3,1,0,,,4,4,2,2,1,1,,,7,7,45,100.0%,,,,7,432,1,14.3%,61.7,
Spencer Shrader,2024,25,IND,K,3,1,0,,,,,,,,,,,,,0,,3,3,100.0%,5,325,5,100.0%,65.0,
Joey Slye,2019,23,CAR,K,4,16,0,,,5,4,5,5,11,8,11,8,32,25,54,78.1%,35,31,88.6%,70,4503,66,94.3%,64.3,4
Joey Slye,2020,24,CAR,K,4,16,0,,,12,11,10,10,8,7,6,1,36,29,56,80.6%,36,33,91.7%,81,5095,71,87.7%,62.9,2
Joey Slye,2021,25,3TM,K,,12,0,,,9,9,5,5,7,5,4,4,25,23,56,92.0%,22,18,81.8%,58,3690,37,63.8%,63.6,3
Joey Slye,2022,26,WAS,K,3,17,0,1,1,8,8,5,4,10,8,6,4,30,25,58,83.3%,28,24,85.7%,77,4802,60,77.9%,62.4,2
Joey Slye,2023,27,WAS,K,6,17,0,,,3,2,7,7,9,7,5,3,24,19,61,79.2%,35,32,91.4%,72,4520,64,88.9%,62.8,2
Joey Slye,2024,28,NWE,K,13,2,0,,,2,2,3,3,1,,,,6,5,37,83.3%,3,3,100.0%,9,583,8,88.9%,64.8,
Justin Tucker,2019,30,BAL,K,9,16,0,,,8,8,9,9,11,10,1,1,29,28,51,96.6%,59,57,96.6%,106,6646,57,53.8%,62.7,6,"AP1,PB"
Justin Tucker,2020,31,BAL,K,9,16,0,,,8,8,7,6,9,9,5,3,29,26,55,89.7%,53,52,98.1%,95,6094,65,68.4%,64.1,5,"AP2,PB"
Justin Tucker,2021,32,BAL,K,9,17,0,,,7,7,9,9,15,13,6,6,37,35,66,94.6%,32,32,100.0%,90,5443,47,52.2%,60.5,6,"AP1,PB"
Justin Tucker,2022,33,BAL,K,9,17,0,,,13,13,11,11,5,4,14,9,43,37,58,86.0%,32,31,96.9%,86,5449,60,69.8%,63.4,4,"AP2,PB"
Justin Tucker,2023,34,BAL,K,9,17,0,,,10,10,10,10,12,11,5,1,37,32,50,86.5%,52,51,98.1%,101,6445,80,79.2%,63.8,3,PB
Justin Tucker,2024,35,BAL,K,9,2,0,,,1,1,2,2,2,2,2,,7,5,48,71.4%,4,4,100.0%,11,714,7,63.6%,64.9,,
Matthew Wright,2020,24,PIT,K,16,3,0,,,1,1,1,1,2,2,,,4,4,46,100.0%,7,7,100.0%,15,869,1,6.7%,57.9,1
Matthew Wright,2021,25,JAX,K,15,14,0,,,7,7,7,7,4,3,6,4,24,21,56,87.5%,15,13,86.7%,31,1883,6,19.4%,60.7,3
Matthew Wright,2022,26,2TM,K,,6,0,,,1,1,7,6,8,6,2,2,18,15,59,83.3%,15,15,100.0%,36,2244,15,41.7%,62.3,1
Matthew Wright,2023,27,CAR,K,16,1,0,,,,,,,,,1,,1,,0,0.0%,,,,1,65,1,100.0%,65.0,0
Cade York,2022,21,CLE,K,3,17,0,,,5,5,12,9,8,6,7,4,32,24,58,75.0%,37,35,94.6%,81,5032,50,61.7%,62.1,1
Cade York,2024,23,WAS,K,3,1,0,,,,,,,1,,1,,2,,0,0.0%,2,2,100.0%,4,198,1,25.0%,49.5,
Greg Zuerlein,2019,32,LAR,K,4,16,0,,,7,7,8,7,11,5,7,5,33,24,58,72.7%,42,42,100.0%,83,5281,64,77.1%,63.6,2,
Greg Zuerlein,2020,33,DAL,K,2,16,0,1,1,5,5,13,13,13,12,9,3,41,34,59,82.9%,36,33,91.7%,90,5589,60,66.7%,62.1,3,
Greg Zuerlein,2021,34,DAL,K,2,16,0,,,5,5,16,15,9,7,5,2,35,29,56,82.9%,48,42,87.5%,100,6421,80,80.0%,64.2,2,
Greg Zuerlein,2022,35,NYJ,K,14,17,0,,,5,5,10,10,11,9,11,6,37,30,60,81.1%,29,28,96.6%,56,3590,47,83.9%,64.1,3,
Greg Zuerlein,2023,36,NYJ,K,9,16,0,,,8,8,10,9,14,13,6,5,38,35,55,92.1%,16,15,93.8%,64,4150,58,90.6%,64.8,4,
Greg Zuerlein,2024,37,NYJ,K,9,2,0,,,,,1,1,,,,,1,1,33,100.0%,4,4,100.0%,9,582,7,77.8%,64.7,,
