name,year,age,team_name_abbr,comp_name_abbr,pos,games,games_started,qb_rec,pass_cmp,pass_att,pass_cmp_pct,pass_yds,pass_td,pass_td_pct,pass_int,pass_int_pct,pass_first_down,pass_success,pass_long,pass_yds_per_att,pass_adj_yds_per_att,pass_yds_per_cmp,pass_yds_per_g,pass_rating,qbr,pass_sacked,pass_sacked_yds,pass_sacked_pct,pass_net_yds_per_att,pass_adj_net_yds_per_att,comebacks,gwd,av,awards
Brandon Allen,2019,27,DEN,NFL,QB,3,3,1/2/2000,39,84,46.4,515,3,3.6,2,2.4,20,28,75,6.1,5.77,13.2,171.7,68.3,40.1,9,59,9.68,4.9,4.58,0,0,2,
Brandon Allen,2020,28,CIN,NFL,QB,5,5,1/4/2000,90,142,63.4,925,5,3.5,4,2.8,42,45.6,72,6.5,5.95,10.3,185,82,37.5,7,51,4.7,5.87,5.33,1,1,2,
Brandon Allen,2021,29,CIN,NFL,QB,6,1,0-1-0,17,34,50,149,2,5.9,0,0,5,21.1,26,4.4,5.56,8.8,24.8,81.6,10.4,4,33,10.53,3.05,4.11,0,1,0,
Brandon Allen,2022,30,CIN,NFL,QB,1,0,,3,3,100,22,0,0,0,0,1,25,13,7.3,7.33,7.3,22,97.2,46.5,1,0,25,5.5,5.5,0,0,0,
Josh Allen,2019,23,BUF,NFL,QB,16,16,10/6/2000,271,461,58.8,3089,20,4.3,9,2,146,41.7,53,6.7,6.69,11.4,193.1,85.3,49.4,38,237,7.62,5.72,5.71,4,5,11,
Josh Allen,2020,24,BUF,NFL,QB,16,16,13-3-0,396,572,69.2,4544,37,6.5,10,1.7,228,56.5,55,7.9,8.45,11.5,284,107.2,76.6,26,159,4.35,7.33,7.82,2,3,18,"PB,AP-2"
Josh Allen,2021,25,BUF,NFL,QB,17,17,11/6/2000,409,646,63.3,4407,36,5.6,15,2.3,234,49.4,61,6.8,6.89,10.8,259.2,92.2,66.3,26,164,3.87,6.31,6.38,0,0,19,
Josh Allen,2022,26,BUF,NFL,QB,16,16,13-3-0,359,567,63.3,4283,35,6.2,14,2.5,214,52.2,98,7.6,7.68,11.9,267.7,96.6,73.4,33,162,5.5,6.87,6.99,3,4,20,PB
Josh Allen,2023,27,BUF,NFL,QB,17,17,11/6/2000,385,579,66.5,4306,29,5,18,3.1,199,50.7,81,7.4,7.04,11.2,253.3,92.2,69.6,24,152,3.98,6.89,6.51,2,4,18,AP OPoY-6
Josh Allen,2024,28,BUF,NFL,QB,2,2,2-0-0,31,42,73.8,371,3,7.1,0,0,16,52.3,33,8.8,10.26,12,185.5,124.2,84.2,2,10,4.55,8.2,9.57,0,0,,
Kyle Allen,2019,23,CAR,NFL,QB,13,12,5/7/2000,303,489,62,3322,17,3.5,16,3.3,188,46.7,52,6.8,6.02,11,255.5,80,38.3,46,397,8.6,5.47,4.76,0,1,7,
Kyle Allen,2020,24,WAS,NFL,QB,4,4,1/3/2000,60,87,69,610,4,4.6,1,1.1,30,46.8,52,7,7.41,10.2,152.5,99.3,68.2,7,44,7.45,6.02,6.39,0,0,2,
Kyle Allen,2021,25,WAS,NFL,QB,2,0,,12,19,63.2,120,1,5.3,0,0,6,42.9,19,6.3,7.37,10,60,98.6,29.3,2,5,9.52,5.48,6.43,0,0,0,
Kyle Allen,2022,26,HOU,NFL,QB,2,2,0-2-0,46,78,59,416,2,2.6,4,5.1,19,33.7,39,5.3,3.54,9,208,60.6,3.7,5,41,6.02,4.52,2.83,0,0,1,
Tyson Bagent,2023,23,CHI,NFL,QB,5,4,2/2/2000,94,143,65.7,859,3,2.1,6,4.2,48,52,41,6,4.54,9.1,171.8,71.4,51.8,5,35,3.38,5.57,4.15,0,0,3,
Matt Barkley,2019,29,BUF,NFL,QB,2,0,,27,51,52.9,359,0,0,3,5.9,15,37.7,41,7,4.39,13.3,179.5,51,10.3,2,10,3.77,6.58,4.04,0,0,1,
Matt Barkley,2020,30,BUF,NFL,QB,5,0,,11,21,52.4,197,1,4.8,1,4.8,9,40.9,56,9.4,8.19,17.9,39.4,80.9,27.4,1,7,4.55,8.64,7.5,0,0,1,
C.J. Beathard,2020,27,SFO,NFL,QB,6,2,1/1/2000,66,104,63.5,787,6,5.8,0,0,42,46.9,49,7.6,8.72,11.9,131.2,105.7,46,9,71,7.96,6.34,7.4,0,0,2,
C.J. Beathard,2021,28,JAX,NFL,QB,2,0,,2,2,100,33,0,0,0,0,1,50,28,16.5,16.5,16.5,16.5,118.7,92.3,0,0,0,16.5,16.5,0,0,0,
C.J. Beathard,2022,29,JAX,NFL,QB,4,0,,7,11,63.6,35,0,0,1,9.1,2,33.3,11,3.2,-0.91,5,8.8,30.5,22.9,1,5,8.33,2.5,-1.25,0,0,0,
C.J. Beathard,2023,30,JAX,NFL,QB,7,1,1-0-0,40,53,75.5,349,1,1.9,0,0,19,47.5,48,6.6,6.96,8.7,49.9,98.7,55.2,6,27,10.17,5.46,5.8,0,0,1,
David Blough,2019,24,DET,NFL,QB,5,5,0-5-0,94,174,54,984,4,2.3,6,3.4,47,37.2,75,5.7,4.56,10.5,196.8,64,34,14,104,7.45,4.68,3.67,0,0,-1,
David Blough,2020,25,DET,NFL,QB,1,0,,6,10,60,49,0,0,1,10,1,27.3,20,4.9,0.4,8.2,49,32.9,11.2,1,10,9.09,3.55,-0.55,0,0,0,
David Blough,2021,26,DET,NFL,QB,1,0,,0,0,,0,0,,0,,0,,0,,,,0,,0.1,1,6,100,-6,-6,0,0,0,
David Blough,2022,27,ARI,NFL,QB,2,2,0-2-0,38,58,65.5,402,2,3.4,2,3.4,18,36.5,77,6.9,6.07,10.6,201,82.7,29.8,5,24,7.94,6,5.21,0,0,1,
Tim Boyle,2019,25,GNB,NFL,QB,3,0,,3,4,75,15,0,0,0,0,1,50,7,3.8,3.75,5,5,80.2,96.7,0,0,0,3.75,3.75,0,0,0,
Tim Boyle,2020,26,GNB,NFL,QB,8,0,,0,0,,0,0,,0,,0,,0,,,,0,,0,1,11,100,-11,-11,0,0,0,
Tim Boyle,2021,27,DET,NFL,QB,5,3,0-3-0,61,94,64.9,526,3,3.2,6,6.4,28,44.7,42,5.6,3.36,8.6,105.2,63.5,31.4,0,0,0,5.6,3.36,0,0,2,
Tim Boyle,2022,28,CHI,NFL,QB,1,0,,2,8,25,33,0,0,2,25,2,25,17,4.1,-7.13,16.5,33,4.7,1.2,0,0,0,4.13,-7.13,0,0,0,
Tim Boyle,2023,29,NYJ,NFL,QB,3,2,0-2-0,48,77,62.3,360,1,1.3,4,5.2,16,29.1,36,4.7,2.6,7.5,120,56.2,10.9,9,64,10.47,3.44,1.58,0,0,1,
Teddy Bridgewater,2019,27,NOR,NFL,QB,9,5,5-0-0,133,196,67.9,1384,9,4.6,2,1,67,47.1,45,7.1,7.52,10.4,153.8,99.1,50.9,12,89,5.77,6.23,6.66,1,2,5,AP CPoY-5
Teddy Bridgewater,2020,28,CAR,NFL,QB,15,15,4/11/2000,340,492,69.1,3733,15,3,11,2.2,174,46.1,75,7.6,7.19,11,248.9,92.1,56.8,31,205,5.93,6.75,6.37,0,0,13,
Teddy Bridgewater,2021,29,DEN,NFL,QB,14,14,7/7/2000,285,426,66.9,3052,18,4.2,7,1.6,146,46,64,7.2,7.27,10.7,218,94.9,53.4,31,211,6.78,6.22,6.32,0,1,10,
Teddy Bridgewater,2022,30,MIA,NFL,QB,5,2,0-2-0,49,79,62,683,4,5.1,4,5.1,32,45.3,64,8.6,7.38,13.9,136.6,85.6,49.5,7,45,8.14,7.42,6.26,0,0,2,
Jacoby Brissett,2019,27,IND,NFL,QB,15,15,7/8/2000,272,447,60.9,2942,18,4,6,1.3,143,42.8,50,6.6,6.78,10.8,196.1,88,52.1,27,159,5.7,5.87,6.06,2,2,10,
Jacoby Brissett,2020,28,IND,NFL,QB,11,0,,2,8,25,17,0,0,0,0,1,10,13,2.1,2.13,8.5,1.5,39.6,58.3,2,15,20,0.2,0.2,0,0,0,
Jacoby Brissett,2021,29,MIA,NFL,QB,11,5,2/3/2000,141,225,62.7,1283,5,2.2,4,1.8,69,46.3,52,5.7,5.35,9.1,116.6,78.1,54.3,19,132,7.79,4.72,4.39,0,0,2,
Jacoby Brissett,2022,30,CLE,NFL,QB,16,11,4/7/2000,236,369,64,2608,12,3.3,6,1.6,129,44.5,55,7.1,6.99,11.1,163,88.9,62,24,160,6.11,6.23,6.15,2,2,10,
Jacoby Brissett,2023,31,WAS,NFL,QB,3,0,,18,23,78.3,224,3,13,0,0,10,56.5,48,9.7,12.35,12.4,74.7,146.8,95.6,0,0,0,9.74,12.35,0,0,1,
Jacoby Brissett,2024,32,NWE,NFL,QB,2,2,1/1/2000,30,51,58.8,270,1,2,0,0,15,43.6,35,5.3,5.69,9,135,79.7,62.5,4,25,7.27,4.45,4.82,0,0,,
Jake Browning,2023,27,CIN,NFL,QB,9,7,4/3/2000,171,243,70.4,1936,12,4.9,7,2.9,93,48.3,80,8,7.66,11.3,215.1,98.4,60.1,24,169,8.99,6.62,6.34,2,2,7,
Joe Burrow,2020,24,CIN,NFL,QB,10,10,2/7/2001,264,404,65.3,2688,13,3.2,5,1.2,150,47.2,67,6.7,6.74,10.2,268.8,89.8,48.5,32,231,7.34,5.64,5.72,0,0,7,
Joe Burrow,2021,25,CIN,NFL,QB,16,16,10/6/2000,366,520,70.4,4611,34,6.5,14,2.7,202,47.6,82,8.9,8.96,12.6,288.2,108.3,60.2,51,370,8.93,7.43,7.51,2,3,15,
Joe Burrow,2022,26,CIN,NFL,QB,16,16,12/4/2000,414,606,68.3,4475,35,5.8,12,2,222,50.1,60,7.4,7.65,10.8,279.7,100.8,60.8,41,259,6.34,6.52,6.76,3,4,17,PB
Joe Burrow,2023,27,CIN,NFL,QB,10,10,5/5/2000,244,365,66.8,2309,15,4.1,6,1.6,115,46,64,6.3,6.41,9.5,230.9,91,51.6,24,180,6.17,5.47,5.55,0,0,8,
Joe Burrow,2024,28,CIN,NFL,QB,2,2,0-2-0,44,65,67.7,422,2,3.1,0,0,18,46.5,47,6.5,7.11,9.6,211,95.8,58.2,6,22,8.45,5.63,6.2,0,0,,
Derek Carr,2019,28,OAK,NFL,QB,16,16,7/9/2000,361,513,70.4,4054,21,4.1,8,1.6,191,50.7,75,7.9,8.02,11.2,253.4,100.8,64.1,29,184,5.35,7.14,7.25,2,3,11,
Derek Carr,2020,29,LVR,NFL,QB,16,16,8/8/2000,348,517,67.3,4103,27,5.2,9,1.7,192,50.6,85,7.9,8.2,11.8,256.4,101.4,64.3,26,150,4.79,7.28,7.53,3,5,14,
Derek Carr,2021,30,LVR,NFL,QB,17,17,10/7/2000,428,626,68.4,4804,23,3.7,14,2.2,217,49.7,61,7.7,7.4,11.2,282.6,94,58.4,40,241,6.01,6.85,6.6,3,6,12,
Derek Carr,2022,31,LVR,NFL,QB,15,15,6/9/2000,305,502,60.8,3522,24,4.8,14,2.8,161,42.3,60,7,6.72,11.5,234.8,86.3,57.6,27,191,5.1,6.3,6.01,4,3,12,PB
Derek Carr,2023,32,NOR,NFL,QB,17,17,9/8/2000,375,548,68.4,3878,25,4.6,8,1.5,185,46.8,58,7.1,7.33,10.3,228.1,97.7,56.5,31,218,5.35,6.32,6.56,0,1,12,
Derek Carr,2024,33,NOR,NFL,QB,2,2,2-0-0,30,39,76.9,443,5,12.8,1,2.6,15,48.8,70,11.4,12.77,14.8,221.5,142.4,96.2,2,2,4.88,10.76,12.1,0,0,,
Sean Clifford,2023,25,GNB,NFL,QB,2,0,1,1,100,37,0,0,0,0,1,100,37,37,37,37,18.5,118.7,100,0,0,0,37,37,0,0,0,,
Kirk Cousins,2019,31,MIN,NFL,QB,15,15,10/5/2000,307,444,69.1,3603,26,5.9,6,1.4,165,50.4,66,8.1,8.68,11.7,240.2,107.4,60.4,28,206,5.93,7.2,7.73,1,1,14,PB
Kirk Cousins,2020,32,MIN,NFL,QB,16,16,7/9/2000,349,516,67.6,4265,35,6.8,13,2.5,212,51.2,71,8.3,8.49,12.2,266.6,105,55.8,39,256,7.03,7.22,7.43,1,3,14,
Kirk Cousins,2021,33,MIN,NFL,QB,16,16,8/8/2000,372,561,66.3,4221,33,5.9,7,1.2,192,46.2,64,7.5,8.14,11.3,263.8,103.1,58.3,28,197,4.75,6.83,7.42,3,4,13,PB
Kirk Cousins,2022,34,MIN,NFL,QB,17,17,13-4-0,424,643,65.9,4547,29,4.5,14,2.2,230,46.3,66,7.1,6.99,10.7,267.5,92.5,52.3,46,329,6.68,6.12,6.05,8,8,13,PB
Kirk Cousins,2023,35,MIN,NFL,QB,8,8,4/4/2000,216,311,69.5,2331,18,5.8,5,1.6,112,46.6,62,7.5,7.93,10.8,291.4,103.8,63.2,17,110,5.18,6.77,7.18,0,0,7,
Kirk Cousins,2024,36,ATL,NFL,QB,2,2,1/1/2000,36,55,65.5,396,3,5.5,2,3.6,19,50,41,7.2,6.65,11,198,89.7,58.7,3,26,5.17,6.38,5.86,1,1,,
Malik Cunningham,2023,25,2TM,QB,,2,0,,0,0,,0,0,,0,,,0,0,,,,0,,0.2,1,5,100,-5,-5,,,0,
Andy Dalton,2019,32,CIN,NFL,QB,13,13,2/11/2000,314,528,59.5,3494,16,3,14,2.7,170,42.7,66,6.6,6.03,11.1,268.8,78.3,42.1,37,249,6.55,5.74,5.19,0,0,7,
Andy Dalton,2020,33,DAL,NFL,QB,11,9,4/5/2000,216,333,64.9,2170,14,4.2,8,2.4,116,48.2,69,6.5,6.28,10,197.3,87.3,46.1,24,184,6.72,5.56,5.34,2,3,5,
Andy Dalton,2021,34,CHI,NFL,QB,8,6,3/3/2000,149,236,63.1,1515,8,3.4,9,3.8,83,42.9,60,6.4,5.38,10.2,189.4,76.9,39.2,18,143,7.09,5.4,4.44,1,1,3,
Andy Dalton,2022,35,NOR,NFL,QB,14,14,6/8/2000,252,378,66.7,2871,18,4.8,9,2.4,135,48.9,64,7.6,7.48,11.4,205.1,95.2,53.1,25,189,6.2,6.66,6.54,1,1,8,
Andy Dalton,2023,36,CAR,NFL,QB,3,1,0-1-0,34,58,58.6,361,2,3.4,0,0,17,42.6,47,6.2,6.91,10.6,120.3,88.4,48.4,3,27,4.92,5.48,6.13,0,0,1,
Andy Dalton,2024,37,CAR,NFL,QB,1,0,,0,1,0,0,0,0,0,0,0,,,0,0,,0,39.6,1.8,0,0,0,0,0,0,0,,
Jayden Daniels,2024,24,WAS,NFL,QB,2,2,1/1/2000,40,53,75.5,410,0,0,0,0,18,46.7,34,7.7,7.74,10.3,205,97.2,46.8,7,39,11.67,6.18,6.18,1,1,,
Sam Darnold,2019,22,NYJ,NFL,QB,13,13,7/6/2000,273,441,61.9,3024,19,4.3,13,2.9,147,43.7,92,6.9,6.39,11.1,232.6,84.3,45.6,33,212,6.96,5.93,5.5,2,3,6,
Sam Darnold,2020,23,NYJ,NFL,QB,12,12,2/10/2000,217,364,59.6,2208,9,2.5,11,3,109,38.3,69,6.1,5.2,10.2,184,72.7,32.9,35,234,8.77,4.95,4.16,0,0,4,
Sam Darnold,2021,24,CAR,NFL,QB,12,11,4/7/2000,243,406,59.9,2527,9,2.2,13,3.2,123,41,63,6.2,5.23,10.4,210.6,71.9,38.8,35,204,7.94,5.27,4.35,0,0,6,
Sam Darnold,2022,25,CAR,NFL,QB,6,6,4/2/2000,82,140,58.6,1143,7,5,3,2.1,57,44,52,8.2,8.2,13.9,190.5,92.6,51.4,10,78,6.67,7.1,7.13,0,1,4,
Sam Darnold,2023,26,SFO,NFL,QB,10,1,0-1-0,28,46,60.9,297,2,4.3,1,2.2,15,46.2,48,6.5,6.35,10.6,29.7,85.1,49.3,6,40,11.54,4.94,4.85,0,0,1,
Sam Darnold,2024,27,MIN,NFL,QB,2,2,2-0-0,36,50,72,476,4,8,2,4,17,40.7,97,9.5,9.32,13.2,238,111.7,71.5,4,17,7.41,8.5,8.31,0,0,,
Tommy DeVito,2023,25,NYG,NFL,QB,9,6,3/3/2000,114,178,64,1101,8,4.5,3,1.7,46,32.1,41,6.2,6.33,9.7,122.3,89.2,23.7,37,196,17.21,4.21,4.33,1,2,4,
Ben DiNucci,2020,24,DAL,NFL,QB,3,1,0-1-0,23,43,53.5,219,0,0,0,0,11,34,32,5.1,5.09,9.5,73,67.9,10.2,7,73,14,2.92,2.92,0,0,1,
Joshua Dobbs,2020,25,PIT,NFL,QB,1,0,,4,5,80,2,0,0,0,0,0,,3,0.4,0.4,0.5,2,79.2,48.7,0,0,0,0.4,0.4,0,0,0,
Joshua Dobbs,2022,27,TEN,NFL,QB,2,2,0-2-0,40,68,58.8,411,2,2.9,2,2.9,25,39.2,39,6,5.31,10.3,205.5,73.8,52.8,6,26,8.11,5.2,4.53,0,0,1,
Joshua Dobbs,2023,28,2TM,NFL,QB,13,12,3/9/2000,262,417,62.8,2464,13,3.1,10,2.4,126,41.6,69,5.9,5.45,9.4,189.5,79.5,,30,217,6.71,5.03,4.6,1,1,7,
Joshua Dobbs,2023,28,ARI,NFL,QB,8,8,1/7/2000,167,266,62.8,1569,8,3,5,1.9,82,42,69,5.9,5.65,9.4,196.1,81.2,,17,126,6.01,5.1,4.87,0,0,6,
Joshua Dobbs,2023,28,MIN,NFL,QB,5,4,2/2/2000,95,151,62.9,895,5,3.3,5,3.3,44,40.9,29,5.9,5.1,9.4,179,76.4,,13,91,7.93,4.9,4.14,1,1,1,
Jeff Driskel,2019,26,DET,NFL,QB,3,3,0-3-0,62,105,59,685,4,3.8,4,3.8,31,37.9,47,6.5,5.57,11,228.3,75.3,49.9,11,46,9.48,5.51,4.65,0,0,3,
Jeff Driskel,2020,27,DEN,NFL,QB,3,1,0-1-0,35,64,54.7,432,3,4.7,2,3.1,18,33.3,45,6.8,6.28,12.3,144,78.4,36.1,11,98,14.67,4.45,4.05,0,0,1,
Jeff Driskel,2022,29,HOU,NFL,QB,7,2,0-1-0,14,20,70,108,1,5,0,0,5,40.9,28,5.4,6.4,7.7,15.4,99.6,20.9,2,13,9.09,4.32,5.23,0,0,1,
Jeff Driskel,2023,30,CLE,NFL,QB,1,1,0-1-0,13,26,50,166,2,7.7,2,7.7,8,34.5,31,6.4,4.46,12.8,166,63.9,4.1,3,26,10.34,4.83,3.1,0,0,1,
Sam Ehlinger,2022,24,IND,NFL,QB,4,3,0-3-0,64,101,63.4,573,3,3,3,3,28,40.9,47,5.7,4.93,9,143.3,76.1,33.8,14,87,12.17,4.23,3.57,0,0,2,
Justin Fields,2021,22,CHI,NFL,QB,12,10,2/8/2000,159,270,58.9,1870,7,2.6,10,3.7,83,38.2,64,6.9,5.78,11.8,155.8,73.2,31.4,36,264,11.76,5.25,4.24,0,0,6,
Justin Fields,2022,23,CHI,NFL,QB,15,15,3/12/2000,192,318,60.4,2242,17,5.3,11,3.5,91,36.7,56,7.1,6.56,11.7,149.5,85.2,56.3,55,359,14.75,5.05,4.63,1,2,16,
Justin Fields,2023,24,CHI,NFL,QB,13,13,5/8/2000,227,370,61.4,2562,16,4.3,9,2.4,121,38.4,58,6.9,6.69,11.3,197.1,86.3,46.1,44,285,10.63,5.5,5.29,1,1,13,
Justin Fields,2024,25,PIT,NFL,QB,2,2,2-0-0,30,43,69.8,273,1,2.3,0,0,13,42.6,40,6.3,6.81,9.1,136.5,94.4,41.8,4,30,8.51,5.17,5.6,0,0,,
Joe Flacco,2019,34,DEN,NFL,QB,8,8,2/6/2000,171,262,65.3,1822,6,2.3,5,1.9,86,42,70,7,6.55,10.7,227.8,85.1,50.8,26,194,9.03,5.65,5.29,0,0,5,
Joe Flacco,2020,35,NYJ,NFL,QB,5,4,0-4-0,74,134,55.2,864,6,4.5,3,2.2,36,41.8,52,6.4,6.34,11.7,172.8,80.6,50.3,7,69,4.96,5.64,5.53,0,0,2,
Joe Flacco,2021,36,NYJ,NFL,QB,2,1,0-1-0,27,42,64.3,338,3,7.1,0,0,14,56.8,62,8,9.48,12.5,169,113,49.5,2,13,4.55,7.39,8.75,0,0,1,
Joe Flacco,2022,37,NYJ,NFL,QB,5,4,1/3/2000,110,191,57.6,1051,5,2.6,3,1.6,55,39.3,66,5.5,5.32,9.6,210.2,75.2,36.1,10,66,4.98,4.9,4.73,1,1,1,
Joe Flacco,2023,38,CLE,NFL,QB,5,5,4/1/2000,123,204,60.3,1616,13,6.4,8,3.9,60,46.7,75,7.9,7.43,13.1,323.2,90.2,48.3,8,57,3.77,7.35,6.88,1,1,5,AP CPoY-1
Feleipe Franks,2021,24,ATL,NFL,QB,9,0,0,1,0,0,0,0,1,100,0,0,-45,0,0,1,0,0,0,0,-45,0,0,0,,,,,
Jake Fromm,2021,23,NYG,NFL,QB,3,2,0-2-0,27,60,45,210,1,1.7,3,5,10,27.3,36,3.5,1.58,7.8,70,38.9,18.8,6,33,9.09,2.68,0.94,0,0,1,
Blaine Gabbert,2020,31,TAM,NFL,QB,4,0,,9,16,56.3,143,2,12.5,0,0,5,41.2,35,8.9,11.44,15.9,35.8,125.8,53.1,1,7,5.88,8,10.35,0,0,1,
Blaine Gabbert,2021,32,TAM,NFL,QB,6,0,,7,11,63.6,67,0,0,0,0,4,41.7,23,6.1,6.09,9.6,11.2,80.5,36.6,1,10,8.33,4.75,4.75,0,0,0,
Blaine Gabbert,2022,33,TAM,NFL,QB,1,0,,6,8,75,29,1,12.5,0,0,2,37.5,13,3.6,6.13,4.8,29,119.3,59.9,0,0,0,3.63,6.13,0,0,0,
Blaine Gabbert,2023,34,KAN,NFL,QB,2,1,1-0-0,18,35,51.4,185,0,0,3,8.6,8,30.6,37,5.3,1.43,10.3,92.5,31.2,47.1,1,9,2.78,4.89,1.14,1,1,1,
Jimmy Garoppolo,2019,28,SFO,NFL,QB,16,16,13-3-0,329,476,69.1,3978,27,5.7,13,2.7,193,48.6,75,8.4,8.26,12.1,248.6,102,60.8,36,237,7.03,7.31,7.22,4,4,15,AP CPoY-2
Jimmy Garoppolo,2020,29,SFO,NFL,QB,6,6,3/3/2000,94,140,67.1,1096,7,5,5,3.6,55,49,76,7.8,7.22,11.7,182.7,92.4,54,11,77,7.28,6.75,6.19,0,0,3,
Jimmy Garoppolo,2021,30,SFO,NFL,QB,15,15,9/6/2000,301,441,68.3,3810,20,4.5,12,2.7,172,50.4,83,8.6,8.32,12.7,254,98.7,59.2,29,201,6.17,7.68,7.38,3,3,12,
Jimmy Garoppolo,2022,31,SFO,NFL,QB,11,10,7/3/2000,207,308,67.2,2437,16,5.2,4,1.3,114,53.1,57,7.9,8.37,11.8,221.5,103,56.3,18,100,5.52,7.17,7.6,1,1,10,
Jimmy Garoppolo,2023,32,LVR,NFL,QB,7,6,3/3/2000,110,169,65.1,1205,7,4.1,9,5.3,60,47.5,32,7.1,5.56,11,172.1,77.7,33.9,14,101,7.65,6.03,4.58,2,2,2,
Jared Goff,2019,25,LAR,NFL,QB,16,16,9/7/2000,394,626,62.9,4638,22,3.5,16,2.6,220,47.7,66,7.4,6.96,11.8,289.9,86.5,50.6,22,170,3.4,6.9,6.46,1,2,12,
Jared Goff,2020,26,LAR,NFL,QB,15,15,9/6/2000,370,552,67,3952,20,3.6,13,2.4,194,51.8,56,7.2,6.82,10.7,263.5,90,50.8,23,161,4,6.59,6.27,0,1,10,
Jared Goff,2021,27,DET,NFL,QB,14,14,3/10/2001,332,494,67.2,3245,19,3.8,8,1.6,162,46.9,63,6.6,6.61,9.8,231.8,91.5,45.5,35,280,6.62,5.6,5.64,2,2,10,
Jared Goff,2022,28,DET,NFL,QB,17,17,9/8/2000,382,587,65.1,4438,29,4.9,7,1.2,227,50.3,81,7.6,8.01,11.6,261.1,99.3,63.3,23,156,3.77,7.02,7.45,3,3,16,PB
Jared Goff,2023,29,DET,NFL,QB,17,17,12/5/2000,407,605,67.3,4575,30,5,12,2,227,50.9,70,7.6,7.66,11.2,269.1,97.9,60.3,30,197,4.72,6.89,6.99,2,3,16,
Jared Goff,2024,30,DET,NFL,QB,2,2,1/1/2000,52,83,62.7,524,1,1.2,3,3.6,22,42.4,52,6.3,4.93,10.1,262,69.6,37.4,2,17,2.35,5.96,4.61,1,1,,
Will Grier,2019,24,CAR,NFL,QB,2,2,0-2-0,28,52,53.8,228,0,0,4,7.7,12,32.8,28,4.4,0.92,8.1,114,33.2,2.8,6,44,10.34,3.17,0.07,0,0,1,
Jake Haener,2024,25,NOR,NFL,QB,2,0,0,1,0,0,0,0,0,0,0,0,0,0,39.6,9,0,0,0,0,0,0,0,,,,,,
Jaren Hall,2023,25,MIN,NFL,QB,3,2,1/1/2000,13,20,65,168,0,0,1,5,7,37.5,47,8.4,6.15,12.9,56,70.4,5.1,4,28,16.67,5.83,3.96,0,0,1,
Taylor Heinicke,2020,27,WAS,NFL,QB,1,0,,12,19,63.2,137,1,5.3,0,0,6,55,29,7.2,8.26,11.4,137,102.3,40.7,1,7,5,6.5,7.5,0,0,0,
Taylor Heinicke,2021,28,WAS,NFL,QB,16,15,7/8/2000,321,494,65,3419,20,4,15,3,167,44.9,73,6.9,6.36,10.7,213.7,85.9,45.8,38,278,7.14,5.9,5.39,3,4,11,
Taylor Heinicke,2022,29,WAS,NFL,QB,9,9,5/3/2001,161,259,62.2,1859,12,4.6,6,2.3,93,43.2,61,7.2,7.06,11.5,206.6,89.6,46.5,19,141,6.83,6.18,6.07,2,1,6,
Taylor Heinicke,2023,30,ATL,NFL,QB,5,4,1/3/2000,74,136,54.4,890,5,3.7,4,2.9,41,40.3,75,6.5,5.96,12,178,74.7,47.7,8,47,5.56,5.85,5.3,0,0,3,
Justin Herbert,2020,22,LAC,NFL,QB,15,15,6/9/2000,396,595,66.6,4336,31,5.2,10,1.7,216,47.8,72,7.3,7.57,10.9,289.1,98.3,62.6,32,218,5.1,6.57,6.84,1,3,13,
Justin Herbert,2021,23,LAC,NFL,QB,17,17,9/8/2000,443,672,65.9,5014,38,5.7,15,2.2,256,51.1,72,7.5,7.59,11.3,294.9,97.7,70.9,31,214,4.41,6.83,6.95,5,5,18,PB
Justin Herbert,2022,24,LAC,NFL,QB,17,17,10/7/2000,477,699,68.2,4739,25,3.6,10,1.4,228,46.3,55,6.8,6.85,9.9,278.8,93.2,60.2,38,206,5.16,6.15,6.22,4,5,14,
Justin Herbert,2023,25,LAC,NFL,QB,13,13,5/8/2000,297,456,65.1,3134,20,4.4,7,1.5,150,46.2,60,6.9,7.06,10.6,241.1,93.2,64.1,29,233,5.98,5.98,6.16,1,1,11,
Justin Herbert,2024,26,LAC,NFL,QB,2,2,2-0-0,31,46,67.4,274,3,6.5,1,2.2,14,41.7,29,6,6.28,8.8,137,95.7,58.2,2,4,4.17,5.63,5.94,0,0,,
Taysom Hill,2019,29,NOR,NFL,WR,16,5,,3,6,50,55,0,0,0,0,3,42.9,20,9.2,9.17,18.3,3.4,81.9,84.9,1,9,14.29,6.57,6.57,0,0,4,
Taysom Hill,2020,30,NOR,NFL,WR/QB,16,8,3/1/2000,88,121,72.7,928,4,3.3,2,1.7,45,45.2,44,7.7,7.59,10.5,58,98.8,51.1,14,87,10.37,6.23,6.16,0,0,7,
Taysom Hill,2021,31,NOR,NFL,QB,12,9,4/1/2000,78,134,58.2,978,4,3,5,3.7,43,42,70,7.3,6.22,12.5,81.5,75.4,48.5,9,64,6.29,6.39,5.38,0,0,6,
Taysom Hill,2022,32,NOR,NFL,TE/QB,16,8,,13,19,68.4,240,2,10.5,0,0,11,57.1,68,12.6,14.74,18.5,15,146.3,79.7,2,14,9.52,10.76,12.67,0,0,4,
Taysom Hill,2023,33,NOR,NFL,QB,16,7,,6,11,54.5,83,1,9.1,0,0,4,46.2,44,7.5,9.36,13.8,5.2,109.3,50,2,4,15.38,6.08,7.62,0,1,5,
Sam Howell,2022,22,WAS,NFL,QB,1,1,1-0-0,11,19,57.9,169,1,5.3,1,5.3,6,27.3,52,8.9,7.58,15.4,169,83,48.3,3,11,13.64,7.18,6.05,0,0,1,
Sam Howell,2023,23,WAS,NFL,QB,17,17,4/13/2000,388,612,63.4,3946,21,3.4,21,3.4,180,42.7,51,6.4,5.59,10.2,232.1,78.9,42.4,65,449,9.6,5.17,4.39,2,2,11,
Brian Hoyer,2019,34,IND,NFL,QB,4,1,0-1-0,35,65,53.8,372,4,6.2,4,6.2,22,38.6,23,5.7,4.18,10.6,93,65.7,17.4,5,47,7.14,4.64,3.21,0,0,1,
Brian Hoyer,2020,35,NWE,NFL,QB,1,1,0-1-0,15,24,62.5,130,0,0,1,4.2,8,42.3,25,5.4,3.54,8.7,130,59.4,22.4,2,18,7.69,4.31,2.58,0,0,0,
Brian Hoyer,2021,36,NWE,NFL,QB,5,0,,9,11,81.8,227,1,9.1,0,0,8,81.8,48,20.6,22.45,25.2,45.4,149.1,97.9,0,0,0,20.64,22.45,0,0,1,
Brian Hoyer,2022,37,NWE,NFL,QB,1,1,0-1-0,5,6,83.3,37,0,0,0,0,2,42.9,27,6.2,6.17,7.4,37,92.4,28.4,1,8,14.29,4.14,4.14,0,0,0,
Brian Hoyer,2023,38,LVR,NFL,QB,3,1,0-1-0,23,42,54.8,231,0,0,2,4.8,14,44.2,48,5.5,3.36,10,77,50.8,69,1,8,2.33,5.19,3.09,0,0,1,
Tyler Huntley,2020,22,BAL,NFL,QB,2,0,,3,5,60,15,0,0,0,0,0,20,8,3,3,5,7.5,64.6,1.4,0,0,0,3,3,0,0,0,
Tyler Huntley,2021,23,BAL,NFL,QB,7,4,1/3/2000,122,188,64.9,1081,3,1.6,4,2.1,55,41.3,43,5.8,5.11,8.9,154.4,76.6,55,18,107,8.74,4.73,4.15,1,1,2,
Tyler Huntley,2022,24,BAL,NFL,QB,6,4,2/2/2000,75,112,67,658,2,1.8,3,2.7,31,42.9,40,5.9,5.03,8.8,109.7,77.2,43,7,34,5.88,5.24,4.45,1,1,3,PB
Tyler Huntley,2023,25,BAL,NFL,QB,5,1,0-1-0,21,37,56.8,203,3,8.1,0,0,13,41.5,27,5.5,7.11,9.7,40.6,99.3,56.7,4,28,9.76,4.27,5.73,0,0,1,
Jalen Hurts,2020,22,PHI,NFL,QB,15,4,1/3/2000,77,148,52,1061,6,4.1,4,2.7,45,38.5,81,7.2,6.76,13.8,70.7,77.6,33.8,13,59,8.07,6.22,5.85,0,0,4,
Jalen Hurts,2021,23,PHI,NFL,QB,15,15,8/7/2000,265,432,61.3,3144,16,3.7,9,2.1,143,43.9,91,7.3,7.08,11.9,209.6,87.2,54.6,26,150,5.68,6.54,6.35,2,2,17,
Jalen Hurts,2022,24,PHI,NFL,QB,15,15,14-1-0,306,460,66.5,3701,22,4.8,6,1.3,165,46.4,68,8,8.42,12.1,246.7,101.5,68.3,38,231,7.63,6.97,7.31,1,2,20,"PB,AP-2"
Jalen Hurts,2023,25,PHI,NFL,QB,17,17,11/6/2000,352,538,65.4,3858,23,4.3,15,2.8,185,46.7,63,7.2,6.77,11,226.9,89.1,60.1,36,222,6.27,6.33,5.96,3,4,18,PB
Jalen Hurts,2024,26,PHI,NFL,QB,2,2,1/1/2000,43,64,67.2,461,3,4.7,3,4.7,26,49.3,67,7.2,6.03,10.7,230.5,84.2,68.8,3,16,4.48,6.64,5.52,0,0,,
Lamar Jackson,2019,22,BAL,NFL,QB,15,15,13-2-0,265,401,66.1,3127,36,9,6,1.5,161,50.5,83,7.8,8.92,11.8,208.5,113.3,83,23,106,5.42,7.13,8.19,1,2,25,"PB,AP-1"
Lamar Jackson,2020,23,BAL,NFL,QB,15,15,11/4/2000,242,376,64.4,2757,26,6.9,9,2.4,138,46.2,47,7.3,7.64,11.4,183.8,99.3,67.3,29,160,7.16,6.41,6.7,1,1,18,
Lamar Jackson,2021,24,BAL,NFL,QB,12,12,7/5/2000,246,382,64.4,2882,16,4.2,13,3.4,135,46.9,49,7.5,6.85,11.7,240.2,87,56.8,38,190,9.05,6.41,5.78,4,4,11,PB
Lamar Jackson,2022,25,BAL,NFL,QB,12,12,8/4/2000,203,326,62.3,2242,17,5.2,7,2.1,105,44.6,75,6.9,6.95,11,186.8,91.1,61.1,26,114,7.39,6.05,6.12,1,2,12,
Lamar Jackson,2023,26,BAL,NFL,QB,16,16,13-3-0,307,457,67.2,3678,24,5.3,7,1.5,167,48.2,80,8,8.41,12,229.9,102.7,64.7,37,218,7.49,7,7.34,1,0,19,"PB,AP-1,AP OPoY-4"
Lamar Jackson,2024,27,BAL,NFL,QB,2,2,0-2-0,47,75,62.7,520,2,2.7,1,1.3,25,47.4,49,6.9,6.87,11.1,260,86.5,55.6,3,21,3.85,6.4,6.33,0,0,,
Josh Johnson,2019,Did not play - San Diego Fleet (Alliance of American Football),,,,,,,,,,,,,,,,,,,,,,,,,,,,,,,,
Josh Johnson,2019,Did not play - San Diego Fleet (Alliance of American Football),,,,,,,,,,,,,,,,,,,,,,,,,,,,,,,,
Josh Johnson,2020,Did not play - Los Angeles Wildcats (XFL),,,,,,,,,,,,,,,,,,,,,,,,,,,,,,,,
Josh Johnson,2020,Did not play - Los Angeles Wildcats (XFL),,,,,,,,,,,,,,,,,,,,,,,,,,,,,,,,
Josh Johnson,2021,35,2TM,NFL,QB,4,1,0-1-0,57,85,67.1,638,5,5.9,2,2.4,39,55.7,28,7.5,7.62,11.2,159.5,99,,3,23,3.41,6.99,7.1,0,0,2,
Josh Johnson,2021,35,NYJ,NFL,QB,3,0,,29,45,64.4,334,3,6.7,1,2.2,20,48.9,26,7.4,7.76,11.5,111.3,99.7,,2,14,4.26,6.81,7.13,0,0,1,
Josh Johnson,2021,35,BAL,NFL,QB,1,1,0-1-0,28,40,70,304,2,5,1,2.5,19,63.4,28,7.6,7.48,10.9,304,98.3,,1,9,2.44,7.2,7.07,0,0,1,
Josh Johnson,2022,36,SFO,NFL,QB,2,0,,1,2,50,10,0,0,0,0,1,50,10,5,5,10,5,64.6,21.9,0,0,0,5,5,0,0,0,
Daniel Jones,2019,22,NYG,NFL,QB,13,12,3/9/2000,284,459,61.9,3027,24,5.2,12,2.6,140,41,75,6.6,6.46,10.7,232.8,87.7,55.7,38,295,7.65,5.5,5.38,1,2,9,
Daniel Jones,2020,23,NYG,NFL,QB,14,14,5/9/2000,280,448,62.5,2943,11,2.5,10,2.2,157,42.8,53,6.6,6.06,10.5,210.2,80.4,54,45,286,9.13,5.39,4.92,0,0,9,
Daniel Jones,2021,24,NYG,NFL,QB,11,11,4/7/2000,232,361,64.3,2428,10,2.8,7,1.9,116,43.9,54,6.7,6.41,10.5,220.7,84.8,47.5,22,160,5.74,5.92,5.62,1,1,7,
Daniel Jones,2022,25,NYG,NFL,QB,16,16,9/6/2001,317,472,67.2,3205,15,3.2,5,1.1,156,45.7,65,6.8,6.95,10.1,200.3,92.5,62.9,44,243,8.53,5.74,5.89,4,5,15,
Daniel Jones,2023,26,NYG,NFL,QB,6,6,1/5/2000,108,160,67.5,909,2,1.3,6,3.8,43,37.4,58,5.7,4.24,8.4,151.5,70.5,36.3,30,167,15.79,3.91,2.69,1,1,0,
Daniel Jones,2024,27,NYG,NFL,QB,2,2,0-2-0,38,70,54.3,364,2,2.9,2,2.9,19,35.5,28,5.2,4.49,9.6,182,66.6,40.4,6,23,7.89,4.49,3.83,0,0,,
Mac Jones,2021,23,NWE,NFL,QB,17,17,10/7/2000,352,521,67.6,3801,22,4.2,13,2.5,177,49,75,7.3,7.02,10.8,223.6,92.5,56.9,28,241,5.1,6.48,6.22,1,1,14,"PB,AP ORoY-2"
Mac Jones,2022,24,NWE,NFL,QB,14,14,6/8/2000,288,442,65.2,2997,14,3.2,11,2.5,127,41.4,48,6.8,6.29,10.4,214.1,84.8,38.4,34,231,7.14,5.81,5.36,0,0,8,
Mac Jones,2023,25,NWE,NFL,QB,11,11,2/9/2000,224,345,64.9,2120,10,2.9,12,3.5,100,43.3,58,6.1,5.16,9.5,192.7,77,36.7,22,127,5.99,5.43,4.5,1,1,3,
Case Keenum,2019,31,WAS,NFL,QB,10,8,1/7/2000,160,247,64.8,1707,11,4.5,5,2,83,46.2,69,6.9,6.89,10.7,170.7,91.3,45.6,15,145,5.73,5.96,5.94,0,0,4,
Case Keenum,2020,32,CLE,NFL,QB,2,0,,5,10,50,46,0,0,0,0,2,40,24,4.6,4.6,9.2,23,62.9,34.7,0,0,0,4.6,4.6,0,0,0,
Case Keenum,2021,33,CLE,NFL,QB,7,2,2-0-0,47,72,65.3,462,3,4.2,1,1.4,25,49.4,34,6.4,6.63,9.8,66,91.3,42.7,5,29,6.49,5.62,5.82,0,0,1,
Case Keenum,2022,34,BUF,NFL,QB,2,0,,2,7,28.6,8,0,0,0,0,0,,5,1.1,1.14,4,4,39.6,4.7,0,0,0,1.14,1.14,0,0,0,
Case Keenum,2023,35,HOU,NFL,QB,2,2,1/1/2000,34,53,64.2,291,1,1.9,3,5.7,14,40.7,41,5.5,3.32,8.6,145.5,61.1,21.2,6,60,10.17,3.92,1.97,1,1,1,
Trey Lance,2021,21,SFO,NFL,QB,6,2,1/1/2000,41,71,57.7,603,5,7,2,2.8,27,38.7,76,8.5,8.63,14.7,100.5,97.3,39,4,15,5.33,7.84,7.97,0,0,3,
Trey Lance,2022,22,SFO,NFL,QB,2,2,1/1/2000,15,31,48.4,194,0,0,1,3.2,6,33.3,44,6.3,4.81,12.9,97,55,36.9,2,9,6.06,5.61,4.24,0,0,1,
Trevor Lawrence,2021,22,JAX,NFL,QB,17,17,3/14/2000,359,602,59.6,3641,12,2,17,2.8,177,44.6,58,6,5.18,10.1,214.2,71.9,39.1,32,238,5.05,5.37,4.54,1,2,7,
Trevor Lawrence,2022,23,JAX,NFL,QB,17,17,9/8/2000,387,584,66.3,4113,25,4.3,8,1.4,206,48.1,59,7,7.28,10.6,241.9,95.2,56.1,27,184,4.42,6.43,6.66,3,2,14,PB
Trevor Lawrence,2023,24,JAX,NFL,QB,16,16,8/8/2000,370,564,65.6,4016,21,3.7,14,2.5,179,46.4,65,7.1,6.75,10.9,251,88.5,56.1,35,224,5.84,6.33,5.98,1,2,14,
Trevor Lawrence,2024,25,JAX,NFL,QB,2,2,0-2-0,26,51,51,382,1,2,0,0,17,36.2,66,7.5,7.88,14.7,191,82.3,56.6,7,47,12.07,5.78,6.12,0,0,,
Will Levis,2023,24,TEN,NFL,QB,9,9,3/6/2000,149,255,58.4,1808,8,3.1,4,1.6,81,37.1,61,7.1,7.01,12.1,200.9,84.2,33.2,28,185,9.89,5.73,5.66,1,1,6,
Will Levis,2024,25,TEN,NFL,QB,2,2,0-2-0,38,60,63.3,319,2,3.3,3,5,13,34.3,40,5.3,3.73,8.4,159.5,67.3,35.7,7,45,10.45,4.09,2.67,0,0,,
Drew Lock,2019,23,DEN,NFL,QB,5,5,4/1/2000,100,156,64.1,1020,7,4.5,3,1.9,54,44.1,48,6.5,6.57,10.2,204,89.7,50.2,5,26,3.11,6.17,6.2,1,2,3,
Drew Lock,2020,24,DEN,NFL,QB,13,13,4/9/2000,254,443,57.3,2933,16,3.6,15,3.4,145,41.1,92,6.6,5.82,11.5,225.6,75.4,41.2,19,123,4.11,6.08,5.31,1,1,6,
Drew Lock,2021,25,DEN,NFL,QB,6,3,0-3-0,67,111,60.4,787,2,1.8,2,1.8,32,36.7,44,7.1,6.64,11.7,131.2,80.4,28.1,9,52,7.5,6.13,5.71,0,0,3,
Drew Lock,2023,27,SEA,NFL,QB,4,2,1/1/2000,48,76,63.2,543,3,3.9,3,3.9,20,40.2,51,7.1,6.16,11.3,135.8,81.2,44.1,6,26,7.32,6.3,5.39,1,1,2,
Jordan Love,2021,23,GNB,NFL,QB,6,1,0-1-0,36,62,58.1,411,2,3.2,3,4.8,22,38.5,62,6.6,5.1,11.4,68.5,68.7,36.8,3,23,4.62,5.97,4.51,0,0,2,
Jordan Love,2022,24,GNB,NFL,QB,4,0,,14,21,66.7,195,1,4.8,0,0,9,57.1,63,9.3,10.24,13.9,48.8,112.2,83.2,0,0,0,9.29,10.24,0,0,1,
Jordan Love,2023,25,GNB,NFL,QB,17,17,9/8/2000,372,579,64.2,4159,32,5.5,11,1.9,209,47.6,77,7.2,7.43,11.2,244.6,96.1,62.1,30,242,4.93,6.43,6.67,2,3,15,
Jordan Love,2024,26,GNB,NFL,QB,1,1,0-1-0,17,34,50,260,2,5.9,1,2.9,9,37.1,70,7.6,7.5,15.3,260,83,21.8,1,5,2.86,7.29,7.14,0,0,,
Patrick Mahomes,2019,24,KAN,NFL,QB,14,14,11/3/2000,319,484,65.9,4031,26,5.4,5,1,176,50.9,83,8.3,8.94,12.6,287.9,105.3,77.7,17,127,3.39,7.79,8.38,1,1,17,PB
Patrick Mahomes,2020,25,KAN,NFL,QB,15,15,14-1-0,390,588,66.3,4740,38,6.5,6,1,238,54.1,75,8.1,8.89,12.2,316,108.2,78.1,22,147,3.61,7.53,8.33,3,3,17,"PB,AP-2"
Patrick Mahomes,2021,26,KAN,NFL,QB,17,17,12/5/2000,436,658,66.3,4839,37,5.6,13,2,260,53.2,75,7.4,7.59,11.1,284.6,98.5,67.7,28,146,4.08,6.84,7.07,3,3,18,PB
Patrick Mahomes,2022,27,KAN,NFL,QB,17,17,14-3-0,435,648,67.1,5250,41,6.3,12,1.9,272,54.6,67,8.1,8.53,12.1,308.8,105.2,79,26,188,3.86,7.51,7.93,4,4,19,"PB,AP-1"
Patrick Mahomes,2023,28,KAN,NFL,QB,16,16,10/6/2000,401,597,67.2,4183,27,4.5,14,2.3,206,48.2,67,7,6.86,10.4,261.4,92.6,63.1,27,186,4.33,6.41,6.26,1,2,15,PB
Patrick Mahomes,2024,29,KAN,NFL,QB,2,2,2-0-0,38,53,71.7,442,3,5.7,3,5.7,22,47.4,44,8.3,6.92,11.6,221,91.9,47.1,4,24,7.02,7.33,6.02,1,1,,
Marcus Mariota,2019,26,TEN,NFL,QB,7,6,2/4/2000,95,160,59.4,1203,7,4.4,2,1.3,50,34.6,75,7.5,7.83,12.7,171.9,92.3,35.5,25,162,13.51,5.63,5.9,0,0,5,
Marcus Mariota,2020,27,LVR,NFL,QB,1,0,,17,28,60.7,226,1,3.6,1,3.6,11,46.4,35,8.1,7.18,13.3,226,83.3,97.4,0,0,0,8.07,7.18,0,0,1,
Marcus Mariota,2021,28,LVR,NFL,QB,10,0,,1,2,50,4,0,0,0,0,0,50,4,2,2,4,0.4,56.2,46.2,0,0,0,2,2,0,0,0,
Marcus Mariota,2022,29,ATL,NFL,QB,13,13,5/8/2000,184,300,61.3,2219,15,5,9,3,111,45.1,75,7.4,7.05,12.1,170.7,88.2,57.7,28,195,8.54,6.17,5.85,2,3,11,
Marcus Mariota,2023,30,PHI,NFL,QB,3,0,,15,23,65.2,164,1,4.3,1,4.3,10,53.8,22,7.1,6.04,10.9,54.7,82.5,59.9,3,11,11.54,5.88,4.92,0,0,1,
Baker Mayfield,2019,24,CLE,NFL,QB,16,16,6/10/2000,317,534,59.4,3827,22,4.1,21,3.9,179,42.5,89,7.2,6.22,12.1,239.2,78.8,54.4,40,285,6.97,6.17,5.29,1,1,11,
Baker Mayfield,2020,25,CLE,NFL,QB,16,16,11/5/2000,305,486,62.8,3563,26,5.3,8,1.6,188,49.4,75,7.3,7.66,11.7,222.7,95.9,65.5,26,162,5.08,6.64,6.96,2,2,14,
Baker Mayfield,2021,26,CLE,NFL,QB,14,14,6/8/2000,253,418,60.5,3010,17,4.1,13,3.1,143,44.3,71,7.2,6.61,11.9,215,83.1,40.9,43,269,9.33,5.95,5.41,0,0,10,
Baker Mayfield,2022,27,2TM,NFL,QB,12,10,2/8/2000,201,335,60,2163,10,3,8,2.4,94,38,75,6.5,5.98,10.8,180.3,79,,36,217,9.7,5.25,4.81,1,1,6,
Baker Mayfield,2022,27,CAR,NFL,QB,7,6,1/5/2000,119,206,57.8,1313,6,2.9,6,2.9,49,36,75,6.4,5.65,11,187.6,74.4,,19,126,8.44,5.28,4.61,0,0,3,
Baker Mayfield,2022,27,LAR,NFL,QB,5,4,1/3/2000,82,129,63.6,850,4,3.1,2,1.6,45,41.1,39,6.6,6.51,10.4,170,86.4,,17,91,11.64,5.2,5.13,1,1,3,
Baker Mayfield,2023,28,TAM,NFL,QB,17,17,9/8/2000,364,566,64.3,4044,28,4.9,10,1.8,188,44.7,75,7.1,7.34,11.1,237.9,94.6,54.3,40,232,6.6,6.29,6.47,1,2,13,PB
Baker Mayfield,2024,29,TAM,NFL,QB,2,2,2-0-0,36,49,73.5,474,5,10.2,1,2,24,52.7,41,9.7,10.8,13.2,237,129.1,69.6,6,48,10.91,7.75,8.75,0,0,,
A.J. McCarron,2019,29,HOU,NFL,QB,2,1,0-1-0,21,37,56.8,225,0,0,1,2.7,11,42.9,21,6.1,4.86,10.7,112.5,63.5,27.1,5,43,11.9,4.33,3.26,0,0,1,
A.J. McCarron,2020,30,HOU,NFL,QB,2,0,,1,1,100,20,0,0,0,0,1,,20,20,20,20,10,118.7,0,1,12,50,4,4,0,0,0,
A.J. McCarron,2023,33,CIN,NFL,QB,2,0,,4,5,80,19,0,0,0,0,0,,10,3.8,3.8,4.8,9.5,82.5,1.6,1,9,16.67,1.67,1.67,0,0,0,
Davis Mills,2021,23,HOU,NFL,QB,13,11,2/9/2000,263,394,66.8,2664,16,4.1,10,2.5,118,44,67,6.8,6.43,10.1,204.9,88.8,41.2,31,206,7.29,5.78,5.48,0,0,7,
Davis Mills,2022,24,HOU,NFL,QB,15,15,3/10/2001,292,479,61,3118,17,3.5,15,3.1,135,40,58,6.5,5.81,10.7,207.9,78.8,35,31,244,6.08,5.64,4.98,2,3,7,
Davis Mills,2023,25,HOU,NFL,QB,6,0,,18,39,46.2,173,2,5.1,0,0,12,36.6,19,4.4,5.46,9.6,28.8,76.1,48.7,2,13,4.88,3.9,4.88,0,0,1,
Gardner Minshew II,2019,23,JAX,NFL,QB,14,12,6/6/2000,285,470,60.6,3271,21,4.5,6,1.3,150,41.9,70,7,7.28,11.5,233.6,91.2,44.6,33,184,6.56,6.14,6.44,3,3,10,
Gardner Minshew II,2020,24,JAX,NFL,QB,9,8,1/7/2000,216,327,66.1,2259,16,4.9,5,1.5,117,48,51,6.9,7.2,10.5,251,95.9,44,27,147,7.63,5.97,6.23,1,1,7,
Gardner Minshew II,2021,25,PHI,NFL,QB,4,2,1/1/2000,41,60,68.3,439,4,6.7,1,1.7,24,46.2,36,7.3,7.9,10.7,109.8,104.8,66.2,5,31,7.69,6.28,6.82,0,0,2,
Gardner Minshew II,2022,26,PHI,NFL,QB,5,2,0-2-0,44,76,57.9,663,3,3.9,3,3.9,30,43.9,78,8.7,7.74,15.1,132.6,83.4,41.6,6,28,7.32,7.74,6.83,0,0,2,
Gardner Minshew II,2023,27,IND,NFL,QB,17,13,7/6/2000,305,490,62.2,3305,15,3.1,9,1.8,147,41.2,75,6.7,6.53,10.8,194.4,84.6,59.6,34,187,6.49,5.95,5.75,2,2,10,PB
Gardner Minshew II,2024,28,LVR,NFL,QB,2,2,1/1/2000,55,71,77.5,533,2,2.8,2,2.8,26,46.3,33,7.5,6.8,9.7,266.5,95.6,44.1,9,75,11.25,5.73,5.1,1,1,,
Nick Mullens,2020,25,SFO,NFL,QB,10,8,2/6/2000,211,326,64.7,2437,12,3.7,12,3.7,120,47.5,49,7.5,6.56,11.5,243.7,84.1,36.3,19,139,5.51,6.66,5.79,1,1,6,
Nick Mullens,2021,26,CLE,NFL,QB,1,1,0-1-0,20,30,66.7,147,1,3.3,0,0,9,40,25,4.9,5.57,7.4,147,89.2,81.5,0,0,0,4.9,5.57,0,0,0,
Nick Mullens,2022,27,MIN,NFL,QB,4,0,,21,25,84,224,1,4,1,4,11,76,37,9,7.96,10.7,56,100.7,58.3,0,0,0,8.96,7.96,0,0,1,
Nick Mullens,2023,28,MIN,NFL,QB,5,3,0-3-0,100,148,67.6,1306,7,4.7,8,5.4,57,47.5,47,8.8,7.34,13.1,261.2,88.4,49.8,12,105,7.5,7.51,6.13,0,1,4,
Kyler Murray,2019,22,ARI,NFL,QB,16,16,5/10/2001,349,542,64.4,3722,20,3.7,12,2.2,173,43.7,88,6.9,6.61,10.7,232.6,87.4,57.7,48,309,8.14,5.78,5.55,1,2,14,
Kyler Murray,2020,23,ARI,NFL,QB,16,16,8/8/2000,375,558,67.2,3971,26,4.7,12,2.2,205,48.9,80,7.1,7.08,10.6,248.2,94.3,61.9,27,176,4.62,6.49,6.45,3,4,16,PB
Kyler Murray,2021,24,ARI,NFL,QB,14,14,9/5/2000,333,481,69.2,3787,24,5,10,2.1,172,49.6,77,7.9,7.94,11.4,270.5,100.6,63.2,31,286,6.05,6.84,6.9,1,1,16,PB
Kyler Murray,2022,25,ARI,NFL,QB,11,11,3/8/2000,259,390,66.4,2368,14,3.6,7,1.8,119,45.1,38,6.1,5.98,9.1,215.3,87.2,53.6,25,192,6.02,5.24,5.16,1,1,8,
Kyler Murray,2023,26,ARI,NFL,QB,8,8,3/5/2000,176,268,65.7,1799,10,3.7,5,1.9,88,43.7,48,6.7,6.62,10.2,224.9,89.4,47.2,18,119,6.29,5.87,5.79,2,2,8,
Kyler Murray,2024,27,ARI,NFL,QB,2,2,1/1/2000,38,52,73.1,428,4,7.7,0,0,19,50.9,60,8.2,9.77,11.3,214,122.9,91.3,5,24,8.77,7.09,8.49,0,0,,
Bo Nix,2024,24,DEN,NFL,QB,2,2,0-2-0,46,77,59.7,384,0,0,4,5.2,14,30.9,49,5,2.65,8.3,192,51,35.7,4,21,4.94,4.48,2.26,0,0,,
Aidan O'Connell,2023,25,LVR,NFL,QB,11,10,5/5/2000,213,343,62.1,2218,12,3.5,7,2,107,43.6,50,6.5,6.25,10.4,201.6,83.9,40.5,24,173,6.54,5.57,5.37,0,1,6,
Nathan Peterman,2020,26,LVR,NFL,QB,1,0,,3,5,60,25,0,0,0,0,1,28.6,12,5,5,8.3,25,72.9,24.3,2,16,28.57,1.29,1.29,0,0,0,
Nathan Peterman,2022,28,CHI,NFL,QB,3,1,0-1-0,14,25,56,139,1,4,1,4,9,38.5,28,5.6,4.56,9.9,46.3,68.6,41.9,1,6,3.85,5.12,4.15,0,0,1,
Nathan Peterman,2023,29,CHI,NFL,QB,2,0,,0,0,,0,0,,0,,0,,0,,,,0,,2.1,1,5,100,-5,-5,0,0,0,
Kenny Pickett,2022,24,PIT,NFL,QB,13,12,7/5/2000,245,389,63,2404,7,1.8,9,2.3,123,44,57,6.2,5.5,9.8,184.9,76.7,53.6,27,182,6.49,5.34,4.7,3,4,7,AP ORoY-6
Kenny Pickett,2023,25,PIT,NFL,QB,12,12,7/5/2000,201,324,62,2070,6,1.9,4,1.2,91,40.3,72,6.4,6.2,10.3,172.5,81.4,38.1,23,173,6.63,5.47,5.29,3,3,6,
Dak Prescott,2019,26,DAL,NFL,QB,16,16,8/8/2000,388,596,65.1,4902,30,5,11,1.8,229,52.3,62,8.2,8.4,12.6,306.4,99.7,71.9,23,151,3.72,7.68,7.84,0,0,15,
Dak Prescott,2020,27,DAL,NFL,QB,5,5,2/3/2000,151,222,68,1856,9,4.1,4,1.8,93,56,58,8.4,8.36,12.3,371.2,99.6,73.1,10,66,4.31,7.72,7.72,1,1,6,
Dak Prescott,2021,28,DAL,NFL,QB,16,16,11/5/2000,410,596,68.8,4449,37,6.2,10,1.7,227,51.4,51,7.5,7.95,10.9,278.1,104.2,60.5,30,144,4.79,6.88,7.34,1,2,14,
Dak Prescott,2022,29,DAL,NFL,QB,12,12,8/4/2000,261,394,66.2,2860,23,5.8,15,3.8,142,51.7,68,7.3,6.71,11,238.3,91.1,59.9,20,126,4.83,6.6,6.08,2,2,11,
Dak Prescott,2023,30,DAL,NFL,QB,17,17,12/5/2000,410,590,69.5,4516,36,6.1,9,1.5,222,51.5,92,7.7,8.19,11,265.6,105.9,72.7,39,255,6.2,6.77,7.28,2,3,19,"PB,AP-2,AP OPoY-5"
Dak Prescott,2024,31,DAL,NFL,QB,2,2,1/1/2000,46,71,64.8,472,2,2.8,2,2.8,21,42.9,65,6.6,5.94,10.3,236,81.4,42.8,6,30,7.79,5.74,5.09,0,0,,
Brock Purdy,2022,23,SFO,NFL,QB,9,5,5-0-0,114,170,67.1,1374,13,7.6,4,2.4,66,50.3,54,8.1,8.55,12.1,152.7,107.3,67.5,11,84,6.08,7.13,7.57,1,1,6,
Brock Purdy,2023,24,SFO,NFL,QB,16,16,12/4/2000,308,444,69.4,4280,31,7,11,2.5,192,54.7,76,9.6,9.92,13.9,267.5,113,72.8,28,153,5.93,8.74,9.01,0,0,18,"PB,AP OPoY-6"
Brock Purdy,2024,25,SFO,NFL,QB,2,2,1/1/2000,47,65,72.3,550,1,1.5,1,1.5,29,53.4,34,8.5,8.08,11.7,275,96.3,63.3,8,28,10.96,7.15,6.81,0,0,,
Anthony Richardson,2023,21,IND,NFL,QB,4,4,2/2/2000,50,84,59.5,577,3,3.6,1,1.2,31,44,39,6.9,7.05,11.5,144.3,87.3,45,7,29,7.69,6.02,6.19,0,0,3,
Anthony Richardson,2024,22,IND,NFL,QB,2,2,0-2-0,26,53,49.1,416,3,5.7,4,7.5,14,33.9,60,7.8,5.58,16,208,63.1,62.7,3,19,5.36,7.09,4.95,0,0,,
Desmond Ridder,2022,23,ATL,NFL,QB,4,4,2/2/2000,73,115,63.5,708,2,1.7,0,0,37,43.5,40,6.2,6.5,9.7,177,86.4,52,9,33,7.26,5.44,5.77,1,1,3,
Desmond Ridder,2023,24,ATL,NFL,QB,15,13,6/7/2000,249,388,64.2,2836,12,3.1,12,3.1,136,45.3,71,7.3,6.54,11.4,189.1,83.4,40.1,31,197,7.4,6.3,5.58,2,4,9,
Aaron Rodgers,2019,36,GNB,NFL,QB,16,16,13-3-0,353,569,62,4002,26,4.6,4,0.7,189,44,74,7,7.63,11.3,250.1,95.4,52.5,36,284,5.95,6.15,6.71,2,3,14,PB
Aaron Rodgers,2020,37,GNB,NFL,QB,16,16,13-3-0,372,526,70.7,4299,48,9.1,5,1,216,55.3,78,8.2,9.57,11.6,268.7,121.5,79.8,20,182,3.66,7.54,8.89,1,2,18,"PB,AP-1"
Aaron Rodgers,2021,38,GNB,NFL,QB,16,16,13-3-0,366,531,68.9,4115,37,7,4,0.8,213,50.6,75,7.7,8.8,11.2,257.2,111.9,74.1,30,188,5.35,7,8,1,2,15,"PB,AP-1"
Aaron Rodgers,2022,39,GNB,NFL,QB,17,17,8/9/2000,350,542,64.6,3695,26,4.8,12,2.2,177,45.1,58,6.8,6.78,10.6,217.4,91.1,41.3,32,258,5.57,5.99,5.95,3,4,13,
Aaron Rodgers,2023,40,NYJ,NFL,QB,1,1,1-0-0,0,1,0,0,0,0,0,0,0,,,0,0,,0,39.6,2.5,1,10,50,-5,-5,0,0,0,
Aaron Rodgers,2024,41,NYJ,NFL,QB,2,2,1/1/2000,31,51,60.8,343,3,5.9,1,2,17,46.3,36,6.7,7.02,11.1,171.5,92.2,47.8,3,17,5.56,6.04,6.31,0,1,,
Mason Rudolph,2019,24,PIT,NFL,QB,10,8,5/3/2000,176,283,62.2,1765,13,4.6,9,3.2,80,40.6,76,6.2,5.72,10,176.5,82,36.2,15,124,5.03,5.51,5.02,1,1,3,
Mason Rudolph,2020,25,PIT,NFL,QB,5,1,0-1-0,25,43,58.1,324,2,4.7,1,2.3,13,36.4,47,7.5,7.42,13,64.8,87.7,72.7,1,8,2.27,7.18,7.07,0,0,1,
Mason Rudolph,2021,26,PIT,NFL,QB,2,1,0-0-1,35,58,60.3,277,1,1.7,1,1.7,16,41.4,36,4.8,4.34,7.9,138.5,70.8,45.4,0,0,0,4.78,4.34,1,0,1,
Mason Rudolph,2023,28,PIT,NFL,QB,4,3,3-0-0,55,74,74.3,719,3,4.1,0,0,26,47.5,86,9.7,10.53,13.1,179.8,118,70.6,6,43,7.5,8.45,9.2,0,1,2,
Cooper Rush,2021,28,DAL,NFL,QB,5,1,1-0-0,30,47,63.8,422,3,6.4,1,2.1,18,40,73,9,9.3,14.1,84.4,105.1,47.8,3,19,6,8.06,8.36,1,1,1,
Cooper Rush,2022,29,DAL,NFL,QB,9,5,4/1/2000,94,162,58,1051,5,3.1,3,1.9,52,38.5,46,6.5,6.27,11.2,116.8,80,60.8,7,49,4.14,5.93,5.72,0,2,4,
Cooper Rush,2023,30,DAL,NFL,QB,7,0,,18,24,75,144,0,0,1,4.2,7,52,29,6,4.13,8,20.6,72.2,52.1,1,8,4,5.44,3.64,0,0,0,
Cooper Rush,2024,31,DAL,NFL,QB,2,0,,1,3,33.3,6,0,0,0,0,0,,6,2,2,6,3,42.4,1.3,0,0,0,2,2,0,0,,
Brett Rypien,2020,24,DEN,NFL,QB,3,1,1-0-0,27,40,67.5,295,2,5,4,10,12,48.8,48,7.4,3.88,10.9,98.3,66.1,50.3,1,0,2.44,7.2,3.78,1,1,1,
Brett Rypien,2021,25,DEN,NFL,QB,1,0,,0,2,0,0,0,0,0,0,0,,0,0,0,,0,39.6,1.4,0,0,0,0,0,0,0,0,
Brett Rypien,2022,26,DEN,NFL,QB,4,2,1/1/2000,53,88,60.2,483,2,2.3,4,4.5,24,41.7,45,5.5,3.9,9.1,120.8,63.8,25.8,8,47,8.33,4.54,3.08,0,0,1,
Brett Rypien,2023,27,LAR,NFL,QB,2,1,0-1-0,18,38,47.4,172,0,0,1,2.6,8,25,34,4.5,3.34,9.6,86,49.5,19.9,2,18,5,3.85,2.73,0,0,1,
Trevor Siemian,2019,28,NYJ,NFL,QB,1,1,0-1-0,3,6,50,3,0,0,0,0,0,,3,0.5,0.5,1,3,56.2,1.2,2,17,25,-1.75,-1.75,0,0,0,
Trevor Siemian,2021,30,NOR,NFL,QB,6,4,0-4-0,108,188,57.4,1154,11,5.9,3,1.6,61,41.1,46,6.1,6.59,10.7,192.3,88.4,41.3,9,64,4.57,5.53,5.96,1,1,4,
Trevor Siemian,2022,31,CHI,NFL,QB,2,1,0-1-0,15,26,57.7,184,1,3.8,1,3.8,7,39.3,33,7.1,6.12,12.3,92,76.4,27.9,2,14,7.14,6.07,5.18,0,0,1,
Trevor Siemian,2023,32,NYJ,NFL,QB,5,3,2/1/2000,86,153,56.2,724,2,1.3,4,2.6,35,34.2,30,4.7,3.82,8.4,144.8,62.1,14.4,8,40,4.97,4.25,3.38,1,1,-2,
Geno Smith,2020,30,SEA,NFL,QB,1,0,,4,5,80,33,0,0,0,0,3,50,14,6.6,6.6,8.3,33,94.2,3.9,1,3,16.67,5,5,0,0,0,
Geno Smith,2021,31,SEA,NFL,QB,4,3,1/2/2000,65,95,68.4,702,5,5.3,1,1.1,31,44.4,84,7.4,7.97,10.8,175.5,103,51.8,13,117,12.04,5.42,5.93,0,0,2,
Geno Smith,2022,32,SEA,NFL,QB,17,17,9/8/2000,399,572,69.8,4282,30,5.2,11,1.9,206,48.2,54,7.5,7.67,10.7,251.9,100.9,62.8,46,348,7.44,6.37,6.54,2,3,15,PB
Geno Smith,2023,33,SEA,NFL,QB,15,15,8/7/2000,323,499,64.7,3624,20,4,9,1.8,169,47.2,73,7.3,7.25,11.2,241.6,92.1,59.5,31,231,5.85,6.4,6.39,4,5,12,PB
Geno Smith,2024,34,SEA,NFL,QB,2,2,2-0-0,51,69,73.9,498,2,2.9,1,1.4,22,48.6,56,7.2,7.14,9.8,249,97.4,71.5,5,28,6.76,6.35,6.28,1,1,,
Matthew Stafford,2019,31,DET,NFL,QB,8,8,3/4/2001,187,291,64.3,2499,19,6.5,5,1.7,117,48.9,66,8.6,9.12,13.4,312.4,106,71.3,18,137,5.83,7.64,8.15,2,1,8,
Matthew Stafford,2020,32,DET,NFL,QB,16,16,5/11/2000,339,528,64.2,4084,26,4.9,10,1.9,205,47.9,73,7.7,7.87,12,255.3,96.3,61.3,38,254,6.71,6.77,6.89,3,4,13,
Matthew Stafford,2021,33,LAR,NFL,QB,17,17,12/5/2000,404,601,67.2,4886,41,6.8,17,2.8,233,52.6,79,8.1,8.22,12.1,287.4,102.9,69.2,30,243,4.75,7.36,7.45,3,4,15,
Matthew Stafford,2022,34,LAR,NFL,QB,9,9,3/6/2000,206,303,68,2087,10,3.3,8,2.6,105,49.7,75,6.9,6.36,10.1,231.9,87.4,52.3,29,208,8.73,5.66,5.18,0,0,7,
Matthew Stafford,2023,35,LAR,NFL,QB,15,15,9/6/2000,326,521,62.6,3965,24,4.6,11,2.1,187,47.5,80,7.6,7.58,12.2,264.3,92.5,63.5,30,205,5.44,6.82,6.8,1,2,13,PB
Matthew Stafford,2024,36,LAR,NFL,QB,2,2,0-2-0,53,76,69.7,533,1,1.3,1,1.3,24,47,63,7,6.68,10.1,266.5,88.3,49.2,7,37,8.43,5.98,5.67,0,0,,
Easton Stick,2020,25,LAC,NFL,QB,1,0,,1,1,100,4,0,0,0,0,0,100,4,4,4,4,4,83.3,1.3,0,0,0,4,4,0,0,0,
Easton Stick,2023,28,LAC,NFL,QB,5,4,0-4-0,111,174,63.8,1129,3,1.7,1,0.6,53,43.1,79,6.5,6.57,10.2,225.8,85.6,51,14,122,7.45,5.36,5.44,0,0,4,
Jarrett Stidham,2019,23,NWE,NFL,QB,3,0,,2,4,50,14,0,0,1,25,1,20,11,3.5,-7.75,7,4.7,18.7,0.1,1,7,20,1.4,-7.6,0,0,0,
Jarrett Stidham,2020,24,NWE,NFL,QB,5,0,,22,44,50,256,2,4.5,3,6.8,12,33.3,38,5.8,3.66,11.6,51.2,54.7,12.2,4,21,8.33,4.9,2.92,0,0,1,
Jarrett Stidham,2022,26,LVR,NFL,QB,5,2,0-2-0,53,83,63.9,656,4,4.8,3,3.6,32,43.3,60,7.9,7.24,12.4,131.2,89.2,59.7,7,47,7.78,6.77,6.16,0,0,3,
Jarrett Stidham,2023,27,DEN,NFL,QB,3,2,1/1/2000,40,66,60.6,496,2,3,1,1.5,19,45.2,54,7.5,7.44,12.4,165.3,87.7,31.1,7,46,9.59,6.16,6.1,0,0,2,
Chris Streveler,2020,25,ARI,NFL,QB,5,0,11,16,68.8,105,1,6.3,1,6.3,5,33.3,19,6.6,5,9.5,21,81.5,29.6,2,10,11.11,5.28,3.89,0,0,0,,
Chris Streveler,2021,26,ARI,NFL,QB,2,0,6,9,66.7,36,0,0,0,0,1,36.4,17,4,4,6,18,74.3,3,2,17,18.18,1.73,1.73,0,0,0,,
Chris Streveler,2022,27,NYJ,NFL,QB,2,1,10,15,66.7,90,0,0,0,0,5,53.3,30,6,6,9,45,82.6,73.9,0,0,0,6,6,0,0,0,,
C.J. Stroud,2023,22,HOU,NFL,QB,15,15,9/6/2000,319,499,63.9,4108,23,4.6,5,1,188,46.7,75,8.2,8.7,12.9,273.9,100.8,57.5,38,331,7.08,7.03,7.47,1,3,14,"PB,AP ORoY-1"
C.J. Stroud,2024,23,HOU,NFL,QB,2,2,2-0-0,47,68,69.1,494,3,4.4,0,0,24,41.3,55,7.3,8.15,10.5,247,104.7,63,7,55,9.33,5.85,6.65,0,0,,
Nate Sudfeld,2020,27,PHI,NFL,QB,1,0,5,12,41.7,32,0,0,1,8.3,1,21.4,10,2.7,-1.08,6.4,32,14.6,1.6,2,16,14.29,1.14,-2.07,0,0,0,,
Nate Sudfeld,2022,29,DET,NFL,QB,2,0,0,0,,0,0,,0,,0,,0,,,,0,,0.7,1,7,100,-7,-7,0,0,0,,
Tua Tagovailoa,2020,22,MIA,NFL,QB,10,9,6/3/2000,186,290,64.1,1814,11,3.8,5,1.7,100,47.7,35,6.3,6.24,9.8,181.4,87.1,44.8,20,136,6.45,5.41,5.4,2,2,5,
Tua Tagovailoa,2021,23,MIA,NFL,QB,13,12,7/5/2000,263,388,67.8,2653,16,4.1,10,2.6,137,50.2,65,6.8,6.5,10.1,204.1,90.1,55.7,20,152,4.9,6.13,5.81,0,2,7,
Tua Tagovailoa,2022,24,MIA,NFL,QB,13,13,8/5/2000,259,400,64.8,3548,25,6.3,8,2,162,49.9,84,8.9,9.22,13.7,272.9,105.5,70.6,21,163,4.99,8.04,8.37,2,2,12,
Tua Tagovailoa,2023,25,MIA,NFL,QB,17,17,11/6/2000,388,560,69.3,4624,29,5.2,14,2.5,222,50.8,78,8.3,8.17,11.9,272,101.1,60.8,29,171,4.92,7.56,7.48,2,2,16,PB
Tua Tagovailoa,2024,26,MIA,NFL,QB,2,2,1/1/2000,40,62,64.5,483,2,3.2,3,4.8,19,45.5,80,7.8,6.26,12.1,241.5,78.9,36,4,25,6.06,6.94,5.5,1,1,,
Ryan Tannehill,2019,31,TEN,NFL,QB,12,10,7/3/2000,201,286,70.3,2742,22,7.7,6,2.1,126,51.4,91,9.6,10.18,13.6,228.5,117.5,64.2,31,212,9.78,7.98,8.52,2,3,11,"PB,AP CPoY-1"
Ryan Tannehill,2020,32,TEN,NFL,QB,16,16,11/5/2000,315,481,65.5,3819,33,6.9,7,1.5,202,52.1,75,7.9,8.66,12.1,238.7,106.5,72.6,24,173,4.75,7.22,7.9,5,6,16,
Ryan Tannehill,2021,33,TEN,NFL,QB,17,17,12/5/2000,357,531,67.2,3734,21,4,14,2.6,192,46.2,57,7,6.64,10.5,219.6,89.6,61.8,47,327,8.13,5.89,5.53,3,4,13,
Ryan Tannehill,2022,34,TEN,NFL,QB,12,12,6/6/2000,212,325,65.2,2536,13,4,6,1.8,116,45.3,69,7.8,7.77,12,211.3,94.6,51.2,33,238,9.22,6.42,6.39,0,0,8,
Ryan Tannehill,2023,35,TEN,NFL,QB,10,8,3/5/2000,149,230,64.8,1616,4,1.7,7,3,74,40.8,70,7,6,10.8,161.6,78.5,35.1,32,230,12.21,5.29,4.39,1,1,5,
Tyrod Taylor,2019,30,LAC,NFL,QB,8,0,,4,6,66.7,33,1,16.7,0,0,3,50,14,5.5,8.83,8.3,4.1,120.1,3.3,0,0,0,5.5,8.83,0,0,0,
Tyrod Taylor,2020,31,LAC,NFL,QB,2,1,1-0-0,16,30,53.3,208,0,0,0,0,10,37.5,37,6.9,6.93,13,104,75.4,16.6,2,1,6.25,6.47,6.47,1,1,1,
Tyrod Taylor,2021,32,HOU,NFL,QB,6,6,2/4/2000,91,150,60.7,966,5,3.3,5,3.3,44,44.8,52,6.4,5.61,10.6,161,76.7,46.4,13,119,7.98,5.2,4.43,0,0,2,
Tyrod Taylor,2022,33,NYG,NFL,QB,3,0,,6,8,75,58,1,12.5,1,12.5,3,45.5,19,7.3,4.13,9.7,19.3,94.8,11.6,3,18,27.27,3.64,1.36,0,0,1,
Tyrod Taylor,2023,34,NYG,NFL,QB,11,5,2/3/2000,116,180,64.4,1341,5,2.8,3,1.7,52,43.7,80,7.5,7.26,11.6,121.9,89.1,47.7,17,94,8.63,6.33,6.15,0,0,5,
Tyrod Taylor,2024,35,NYJ,NFL,QB,1,0,,6,8,75,36,1,12.5,0,0,3,75,9,4.5,7,6,36,122.9,95.8,0,0,0,4.5,7,0,0,,
Skylar Thompson,2022,25,MIA,NFL,QB,7,2,1/1/2000,60,105,57.1,534,1,1,3,2.9,26,36,32,5.1,3.99,8.9,76.3,62.2,28.7,6,40,5.41,4.45,3.41,0,1,2,
Skylar Thompson,2024,27,MIA,NFL,QB,1,0,,8,14,57.1,80,0,0,0,0,4,40,16,5.7,5.71,10,80,73.5,0.7,1,7,6.67,4.87,4.87,0,0,,
Dorian Thompson-Robinson,2023,24,CLE,NFL,QB,8,3,1/2/2000,60,112,53.6,440,1,0.9,4,3.6,26,35.6,23,3.9,2.5,7.3,55,51.2,34.4,6,60,5.08,3.22,1.86,0,1,1,
Kyle Trask,2022,24,TAM,NFL,QB,1,0,3,9,33.3,23,0,0,0,0,1,22.2,9,2.6,2.56,7.7,23,42.4,1.7,0,0,0,2.56,2.56,0,0,0,,
Kyle Trask,2023,25,TAM,NFL,QB,2,0,0,1,0,0,0,0,0,0,0,,,0,0,,0,39.6,1.2,0,0,0,0,0,0,0,0,,
Mitchell Trubisky,2019,25,CHI,NFL,QB,15,15,8/7/2000,326,516,63.2,3138,17,3.3,10,1.9,156,43.3,53,6.1,5.87,9.6,209.2,83,41.5,38,234,6.86,5.24,5.04,3,3,8,
Mitchell Trubisky,2020,26,CHI,NFL,QB,10,9,6/3/2000,199,297,67,2055,16,5.4,8,2.7,124,53.7,53,6.9,6.78,10.3,205.5,93.5,53.8,18,125,5.71,6.13,6,1,1,7,
Mitchell Trubisky,2021,27,BUF,NFL,QB,6,0,,6,8,75,43,0,0,1,12.5,2,50,15,5.4,-0.25,7.2,7.2,47.4,77.7,0,0,0,5.38,-0.25,0,0,0,
Mitchell Trubisky,2022,28,PIT,NFL,QB,7,5,2/3/2000,117,180,65,1252,4,2.2,5,2.8,65,45.5,45,7,6.15,10.7,178.9,81.1,58.5,11,68,5.76,6.2,5.44,0,1,4,
Mitchell Trubisky,2023,29,PIT,NFL,QB,5,2,0-2-0,67,107,62.6,632,4,3.7,5,4.7,36,50,26,5.9,4.55,9.4,126.4,71.9,34.6,7,42,6.14,5.18,3.9,0,0,2,
Clayton Tune,2023,24,ARI,NFL,QB,7,1,0-1-0,12,21,57.1,62,0,0,2,9.5,3,17.9,14,3,-1.33,5.2,8.9,22.6,1.2,7,41,25,0.75,-2.46,0,0,0,
P.J. Walker,2020,25,CAR,NFL,QB,4,1,1-0-0,32,56,57.1,368,1,1.8,5,8.9,17,36.7,52,6.6,2.91,11.5,92,45.8,9.6,4,31,6.67,5.62,2.2,0,0,1,
P.J. Walker,2021,26,CAR,NFL,QB,5,1,1-0-0,36,66,54.5,362,1,1.5,3,4.5,19,35.6,24,5.5,3.74,10.1,72.4,56.5,23.4,7,47,9.59,4.32,2.74,0,0,1,
P.J. Walker,2022,27,CAR,NFL,QB,6,5,2/3/2000,63,106,59.4,731,3,2.8,3,2.8,30,35.4,62,6.9,6.19,11.6,121.8,78,25.1,7,46,6.19,6.06,5.4,0,0,2,
P.J. Walker,2023,28,CLE,NFL,QB,6,2,1/1/2000,54,111,48.6,674,1,0.9,5,4.5,27,32.8,58,6.1,4.23,12.5,112.3,52.2,18.6,11,90,9.02,4.79,3.11,2,2,2,
Deshaun Watson,2019,24,HOU,NFL,QB,15,15,10/5/2000,333,495,67.3,3852,26,5.3,12,2.4,191,49.4,54,7.8,7.74,11.6,256.8,98,70.5,44,257,8.16,6.67,6.63,3,5,16,PB
Deshaun Watson,2020,25,HOU,NFL,QB,16,16,4/12/2000,382,544,70.2,4823,33,6.1,7,1.3,221,54.5,77,8.9,9.5,12.6,301.4,112.4,63.7,49,293,8.26,7.64,8.22,0,0,16,PB
Deshaun Watson,2022,27,CLE,NFL,QB,6,6,3/3/2000,99,170,58.2,1102,7,4.1,5,2.9,53,41.6,46,6.5,5.98,11.1,183.7,79.1,40.4,20,106,10.53,5.24,4.79,0,0,4,
Deshaun Watson,2023,28,CLE,NFL,QB,6,6,5/1/2000,105,171,61.4,1115,7,4.1,4,2.3,52,38.3,59,6.5,6.29,10.6,185.8,84.3,42.9,17,85,9.04,5.48,5.27,1,1,4,
Deshaun Watson,2024,29,CLE,NFL,QB,2,2,1/1/2000,46,79,58.2,355,1,1.3,2,2.5,15,25.3,30,4.5,3.61,7.7,177.5,63,24.3,8,46,9.2,3.55,2.75,0,0,,
Carson Wentz,2019,27,PHI,NFL,QB,16,16,9/7/2000,388,607,63.9,4039,27,4.4,7,1.2,213,48.4,53,6.7,7.02,10.4,252.4,93.1,62.8,37,230,5.75,5.91,6.26,2,4,12,AP CPoY-5
Carson Wentz,2020,28,PHI,NFL,QB,12,12,3/8/2001,251,437,57.4,2620,16,3.7,15,3.4,130,40,59,6,5.18,10.4,218.3,72.8,41.9,50,326,10.27,4.71,3.98,3,2,5,
Carson Wentz,2021,29,IND,NFL,QB,17,17,9/8/2000,322,516,62.4,3563,27,5.2,7,1.4,165,44,76,6.9,7.34,11.1,209.6,94.6,60.6,32,227,5.84,6.09,6.5,0,0,14,
Carson Wentz,2022,30,WAS,NFL,QB,8,7,2/5/2000,172,276,62.3,1755,11,4,9,3.3,85,42.4,75,6.4,5.69,10.2,219.4,80.2,34.4,26,159,8.61,5.28,4.67,2,2,4,
Carson Wentz,2023,31,LAR,NFL,QB,2,1,1-0-0,17,24,70.8,163,2,8.3,1,4.2,11,57.7,29,6.8,6.58,9.6,81.5,99.8,89.9,2,14,7.69,5.73,5.54,1,1,1,
Mike White,2021,26,NYJ,NFL,QB,4,3,1/2/2000,88,132,66.7,953,5,3.8,8,6.1,49,53.7,28,7.2,5.25,10.8,238.3,75.1,56.5,4,18,2.94,6.88,4.96,1,1,2,
Mike White,2022,27,NYJ,NFL,QB,4,4,1/3/2000,103,175,58.9,1192,3,1.7,4,2.3,56,41.3,60,6.8,6.13,11.6,298,75.7,38.9,9,76,4.89,6.07,5.41,0,0,3,
Mike White,2023,28,MIA,NFL,QB,6,0,,5,6,83.3,74,1,16.7,1,16.7,1,16.7,68,12.3,8.17,14.8,12.3,118.1,0.1,0,0,0,12.33,8.17,0,0,0,
Caleb Williams,2024,23,CHI,NFL,QB,2,2,1/1/2000,37,66,56.1,267,0,0,2,3,12,33.3,27,4,2.68,7.2,133.5,53,24.2,9,69,12,2.64,1.44,1,0,,
Malik Willis,2022,23,TEN,NFL,QB,8,3,1/2/2000,31,61,50.8,276,0,0,3,4.9,11,29.6,48,4.5,2.31,8.9,34.5,42.8,13.3,10,49,14.08,3.2,1.3,0,0,1,
Malik Willis,2023,24,TEN,NFL,QB,3,0,,4,5,80,74,0,0,0,0,1,44.4,48,14.8,14.8,18.5,24.7,118.7,3,4,30,44.44,4.89,4.89,0,0,0,
Malik Willis,2024,25,GNB,NFL,QB,2,1,1-0-0,12,15,80,122,1,6.7,0,0,6,37.5,39,8.1,9.47,10.2,61,122.8,79.5,1,4,6.25,7.38,8.63,0,0,,
Russell Wilson,2019,31,SEA,NFL,QB,16,16,11/5/2000,341,516,66.1,4110,31,6,5,1,190,49.6,60,8,8.73,12.1,256.9,106.3,71.5,48,319,8.51,6.72,7.42,4,5,15,"PB,AP-2,AP OPoY-4"
Russell Wilson,2020,32,SEA,NFL,QB,16,16,12/4/2000,384,558,68.8,4212,40,7.2,13,2.3,213,51.4,62,7.5,7.93,11,263.3,105.1,67.1,47,301,7.77,6.46,6.82,3,3,17,PB
Russell Wilson,2021,33,SEA,NFL,QB,14,14,6/8/2000,259,400,64.8,3113,25,6.3,6,1.5,135,44.6,69,7.8,8.36,12,222.4,103.1,60.6,33,266,7.62,6.58,7.11,0,1,12,PB
Russell Wilson,2022,34,DEN,NFL,QB,15,15,4/11/2000,292,483,60.5,3524,16,3.3,11,2.3,142,36.2,67,7.3,6.93,12.1,234.9,84.4,38.7,55,368,10.22,5.87,5.54,3,3,9,
Russell Wilson,2023,35,DEN,NFL,QB,15,15,7/8/2000,297,447,66.4,3070,26,5.8,8,1.8,135,43.3,60,6.9,7.23,10.3,204.7,98,50.7,45,258,9.15,5.72,6.04,4,4,12,
Zach Wilson,2021,22,NYJ,NFL,QB,13,13,3/10/2000,213,383,55.6,2334,9,2.3,11,2.9,112,37,54,6.1,5.27,11,179.5,69.7,33.4,44,370,10.3,4.6,3.86,1,1,5,
Zach Wilson,2022,23,NYJ,NFL,QB,9,9,5/4/2000,132,242,54.5,1688,6,2.5,7,2.9,73,37.7,79,7,6.17,12.8,187.6,72.8,38.5,23,175,8.68,5.71,4.97,1,2,4,
Zach Wilson,2023,24,NYJ,NFL,QB,12,11,4/7/2000,221,368,60.1,2271,8,2.2,7,1.9,104,36.5,68,6.2,5.75,10.3,189.3,77.2,30.6,46,340,11.11,4.66,4.29,3,2,5,
Jameis Winston,2019,25,TAM,NFL,QB,16,16,7/9/2000,380,626,60.7,5109,33,5.3,30,4.8,243,46.7,71,8.2,7.06,13.4,319.3,84.3,55.7,47,282,6.98,7.17,6.15,2,2,15,
Jameis Winston,2020,26,NOR,NFL,QB,4,0,,7,11,63.6,75,0,0,0,0,5,38.5,19,6.8,6.82,10.7,18.8,83.5,12,2,11,15.38,4.92,4.92,0,0,0,
Jameis Winston,2021,27,NOR,NFL,QB,7,7,5/2/2000,95,161,59,1170,14,8.7,3,1.9,56,44.8,72,7.3,8.17,12.3,167.1,102.8,69.8,11,69,6.4,6.4,7.24,0,1,5,
Jameis Winston,2022,28,NOR,NFL,QB,3,3,1/2/2000,73,115,63.5,858,4,3.5,5,4.3,35,43.7,51,7.5,6.2,11.8,286,79.5,34.7,11,74,8.73,6.22,5.07,1,1,2,
Jameis Winston,2023,29,NOR,NFL,QB,7,0,,25,47,53.2,264,2,4.3,3,6.4,10,32.7,30,5.6,3.6,10.6,37.7,57.4,35.6,2,13,4.08,5.12,3.18,0,0,1,
John Wolford,2020,25,LAR,NFL,QB,1,1,1-0-0,22,38,57.9,231,0,0,1,2.6,12,35,38,6.1,4.89,10.5,231,64.7,68.5,2,8,5,5.58,4.45,0,0,1,
John Wolford,2021,26,LAR,NFL,QB,3,0,,1,4,25,5,0,0,1,25,0,,5,1.3,-10,5,1.7,0,0.1,1,8,20,-0.6,-9.6,0,0,0,
John Wolford,2022,27,LAR,NFL,QB,3,3,1/2/2000,38,62,61.3,390,1,1.6,3,4.8,19,43.5,30,6.3,4.44,10.3,130,64.6,24.2,7,49,10.14,4.94,3.28,0,0,1,
Logan Woodside,2020,25,TEN,NFL,QB,6,0,1,3,33.3,7,0,0,0,0,1,,7,2.3,2.33,7,1.2,42.4,65.1,0,0,0,2.33,2.33,0,0,0,,
Logan Woodside,2023,28,ATL,NFL,QB,1,0,3,4,75,27,0,0,1,25,3,60,12,6.8,-4.5,9,27,53.1,4.4,1,7,20,4,-5,0,0,0,,
Bryce Young,2023,22,CAR,NFL,QB,16,16,2/14/2000,315,527,59.8,2877,11,2.1,10,1.9,133,36.5,48,5.5,5.02,9.1,179.8,73.7,33.4,62,477,10.53,4.07,3.68,2,2,6,
Bryce Young,2024,23,CAR,NFL,QB,2,2,0-2-0,31,56,55.4,245,0,0,3,5.4,10,29,35,4.4,1.96,7.9,122.5,44.1,9.1,6,41,9.68,3.29,1.11,0,0,,
Bailey Zappe,2022,23,NWE,NFL,QB,4,2,2-0-0,65,92,70.7,781,5,5.4,3,3.3,37,50,53,8.5,8.11,12,195.3,100.9,36.4,6,40,6.12,7.56,7.2,0,0,2,
Bailey Zappe,2023,24,NWE,NFL,QB,10,6,2/4/2000,127,212,59.9,1272,6,2.8,9,4.2,53,34.2,48,6,4.66,10,127.2,68.7,23.3,25,191,10.55,4.56,3.36,0,1,0,
