name,year,age,team,pos,uniform_number,g,gs,rush_att,rush_yds,rush_td,rush_first_down,rush_success,rush_long,rush_yds_per_att,rush_yds_per_g,rush_att_per_g,targets,rec,rec_yds,rec_yds_per_rec,rec_td,rec_first_down,rec_success,rec_long,rec_per_g,rec_yds_per_g,catch_pct,rec_yds_per_tgt,touches,yds_per_touch,yds_from_scrimmage,rush_receive_td,fumbles,av,awards
Israel Abanikanda,2023,21,NYJ,RB,25,6,0,22,70,0,3,36.4,12,3.2,11.7,3.7,11,7,43,6.1,0,2,36.4,13,1.2,7.2,63.6%,3.9,29,3.9,113,0,1,1
Ameer Abdullah,2019,26,MIN,RB,31,16,0,23,115,0,4,26.1,15,5.0,7.2,1.4,21,15,88,5.9,1,5,47.6,16,0.9,5.5,71.4%,4.2,38,5.3,203,1,1,2
Ameer Abdullah,2020,27,MIN,RB,31,16,0,8,42,0,4,62.5,13,5.3,2.6,0.5,9,8,58,7.3,2,4,44.4,22,0.5,3.6,88.9%,6.4,16,6.3,100,2,0,1
Ameer Abdullah,2021,28,2TM,RB,,17,1,51,166,0,8,45.1,15,3.3,9.8,3.0,53,38,289,7.6,1,13,45.3,23,2.2,17.0,71.7%,5.5,89,5.1,455,1,0,3
Ameer Abdullah,2022,29,LVR,RB,22,17,0,4,20,0,2,75.0,7,5.0,1.2,0.2,32,25,211,8.4,1,8,34.4,23,1.5,12.4,78.1%,6.6,29,8.0,231,1,0,2
Ameer Abdullah,2023,30,LVR,RB,22,17,0,15,89,0,6,60.0,12,5.9,5.2,0.9,24,19,131,6.9,0,4,33.3,18,1.1,7.7,79.2%,5.5,34,6.5,220,0,0,2
Ameer Abdullah,2024,31,LVR,RB,8,2,0,2,1,0,,50.0,4,0.5,0.5,1.0,2,2,1,0.5,0,,0.0,1,1.0,0.5,100.0%,0.5,4,0.5,2,0,0,
De'Von Achane,2023,22,MIA,RB,28,11,4,103,800,8,30,54.4,76,7.8,72.7,9.4,37,27,197,7.3,3,10,48.6,23,2.5,17.9,73.0%,5.3,130,7.7,997,11,1,7
De'Von Achane,2024,23,MIA,RB,28,2,1,32,120,1,5,50.0,17,3.8,60.0,16.0,14,14,145,10.4,1,7,78.6,39,7.0,72.5,100.0%,10.4,46,5.8,265,2,0,
Salvon Ahmed,2020,22,MIA,RB,26,6,4,75,319,3,18,58.7,31,4.3,53.2,12.5,14,11,61,5.5,0,2,28.6,13,1.8,10.2,78.6%,4.4,86,4.4,380,3,0,2
Salvon Ahmed,2021,23,MIA,RB,26,12,0,54,149,0,8,29.6,16,2.8,12.4,4.5,19,12,117,9.8,0,4,63.2,18,1.0,9.8,63.2%,6.2,66,4.0,266,0,0,2
Salvon Ahmed,2022,24,MIA,RB,26,12,0,12,64,1,4,75.0,11,5.3,5.3,1.0,1,1,8,8.0,0,0,100.0,8,0.1,0.7,100.0%,8.0,13,5.5,72,1,0,0
Salvon Ahmed,2023,25,MIA,RB,26,8,0,22,61,1,3,36.4,10,2.8,7.6,2.8,23,16,88,5.5,1,4,30.4,20,2.0,11.0,69.6%,3.8,38,3.9,149,2,0,1
Cam Akers,2020,21,LAR,RB,23,13,5,145,625,2,26,49.0,61,4.3,48.1,11.2,14,11,123,11.2,1,4,42.9,38,0.8,9.5,78.6%,8.8,156,4.8,748,3,1,4
Cam Akers,2021,22,LAR,RB,23,1,0,5,3,0,,0.0,2,0.6,3.0,5.0,3,3,10,3.3,0,,0.0,6,3.0,10.0,100.0%,3.3,8,1.6,13,0,0,0
Cam Akers,2022,23,LAR,RB,23,15,9,188,786,7,39,52.7,42,4.2,52.4,12.5,18,13,117,9.0,0,8,50.0,18,0.9,7.8,72.2%,6.5,201,4.5,903,7,2,6
Cam Akers,2023,24,2TM,RB,,7,1,60,167,2,12,35.0,19,2.8,23.9,8.6,12,11,70,6.4,0,2,50.0,30,1.6,10.0,91.7%,5.8,71,3.3,237,2,0,1
Cam Akers,2024,25,HOU,RB,22,1,0,7,32,0,2,42.9,13,4.6,32.0,7.0,1,1,3,3.0,0,0,0.0,3,1.0,3.0,100.0%,3.0,8,4.4,35,0,1,
Braelon Allen,2024,20,NYJ,RB,0,2,0,8,41,1,3,62.5,20,5.1,20.5,4.0,5,3,32,10.7,1,2,60.0,12,1.5,16.0,60.0%,6.4,11,6.6,73,2,0,
Tyler Allgeier,2022,22,ATL,RB,25,16,7,210,1035,3,53,51.9,44,4.9,64.7,13.1,17,16,139,8.7,1,8,58.8,26,1.0,8.7,94.1%,8.2,226,5.2,1174,4,0,8,AP ORoY-5
Tyler Allgeier,2023,23,ATL,RB,25,17,3,186,683,4,39,48.4,31,3.7,40.2,10.9,23,18,193,10.7,1,6,39.1,75,1.1,11.4,78.3%,8.4,204,4.3,876,5,0,5,
Tyler Allgeier,2024,24,ATL,RB,25,2,0,12,74,0,5,75.0,15,6.2,37.0,6.0,1,1,12,12.0,0,1,100.0,12,0.5,6.0,100.0%,12.0,13,6.6,86,0,0,,
Saquon Barkley,2019,22,NYG,RB,26,13,13,217,1003,6,45,43.3,68,4.6,77.2,16.7,73,52,438,8.4,2,14,34.2,65,4.0,33.7,71.2%,6.0,269,5.4,1441,8,1,9,
Saquon Barkley,2020,23,NYG,RB,26,2,2,19,34,0,1,26.3,18,1.8,17.0,9.5,9,6,60,10.0,0,3,44.4,38,3.0,30.0,66.7%,6.7,25,3.8,94,0,0,1,
Saquon Barkley,2021,24,NYG,RB,26,13,13,162,593,2,27,42.0,41,3.7,45.6,12.5,57,41,263,6.4,2,13,36.8,54,3.2,20.2,71.9%,4.6,203,4.2,856,4,2,5,
Saquon Barkley,2022,25,NYG,RB,26,16,16,295,1312,10,62,47.5,68,4.4,82.0,18.4,76,57,338,5.9,0,10,38.2,41,3.6,21.1,75.0%,4.4,352,4.7,1650,10,1,11,"AP CPoY-3,PB"
Saquon Barkley,2023,26,NYG,RB,26,14,14,247,962,6,51,40.1,36,3.9,68.7,17.6,60,41,280,6.8,4,16,43.3,46,2.9,20.0,68.3%,4.7,288,4.3,1242,10,2,6,
Saquon Barkley,2024,27,PHI,RB,26,2,2,46,204,2,9,54.3,34,4.4,102.0,23.0,7,6,44,7.3,1,4,71.4,18,3.0,22.0,85.7%,6.3,52,4.8,248,3,0,,
Eno Benjamin,2021,22,ARI,RB,26,9,0,34,118,1,4,41.2,21,3.5,13.1,3.8,7,6,42,7.0,0,4,71.4,12,0.7,4.7,85.7%,6.0,40,4.0,160,1,0,1
Eno Benjamin,2022,23,3TM,RB,,15,3,77,313,2,14,46.8,45,4.1,20.9,5.1,34,25,193,7.7,0,10,44.1,22,1.7,12.9,73.5%,5.7,102,5.0,506,2,0,3
Trey Benson,2024,21,ARI,RB,33,2,1,14,23,0,2,35.7,6,1.6,11.5,7.0,2,2,12,6.0,0,0,100.0,7,1.0,6.0,100.0%,6.0,16,2.2,35,0,0,
Tank Bigsby,2023,22,JAX,RB,4,17,0,50,132,2,12,42.0,12,2.6,7.8,2.9,4,1,6,6.0,0,0,25.0,6,0.1,0.4,25.0%,1.5,51,2.7,138,2,2,1
Tank Bigsby,2024,23,JAX,RB,4,2,0,12,73,0,2,50.0,26,6.1,36.5,6.0,,,,,0,,,,,,,,12,6.1,73,0,0,
Raheem Blackshear,2022,23,CAR,RB,20,13,1,23,77,3,7,47.8,16,3.3,5.9,1.8,12,10,93,9.3,0,3,50.0,27,0.8,7.2,83.3%,7.8,33,5.2,170,3,1,1
Raheem Blackshear,2023,24,CAR,RB,3,12,0,14,46,0,1,35.7,9,3.3,3.8,1.2,7,6,45,7.5,0,1,71.4,19,0.5,3.8,85.7%,6.4,20,4.6,91,0,0,1
Raheem Blackshear,2024,25,CAR,RB,3,2,0,,,0,,,,,,,,,,,0,,,,,,,,,,,0,0,
Brandon Bolden,2019,29,NWE,RB,38,15,2,15,68,3,5,53.3,21,4.5,4.5,1.0,11,9,111,12.3,1,6,63.6,29,0.6,7.4,81.8%,10.1,24,7.5,179,4,0,1
Brandon Bolden,2021,31,NWE,RB,25,17,1,44,226,1,12,43.2,24,5.1,13.3,2.6,49,41,405,9.9,2,21,49.0,28,2.4,23.8,83.7%,8.3,85,7.4,631,3,1,6
Brandon Bolden,2022,32,LVR,RB,34,16,0,17,66,0,3,35.3,12,3.9,4.1,1.1,9,9,57,6.3,1,2,44.4,18,0.6,3.6,100.0%,6.3,26,4.7,123,1,0,1
Brandon Bolden,2023,33,LVR,RB,34,17,0,4,31,1,2,50.0,26,7.8,1.8,0.2,,,,,0,,,,,,,,4,7.8,31,1,0,0
Mike Boone,2019,24,MIN,RB,23,16,2,49,273,3,9,46.9,59,5.6,17.1,3.1,4,3,17,5.7,0,0,50.0,7,0.2,1.1,75.0%,4.3,52,5.6,290,3,0,2
Mike Boone,2020,25,MIN,RB,23,16,0,11,59,1,2,63.6,19,5.4,3.7,0.7,2,2,10,5.0,0,0,100.0,6,0.1,0.6,100.0%,5.0,13,5.3,69,1,0,0
Mike Boone,2021,26,DEN,RB,26,8,0,4,35,0,2,50.0,16,8.8,4.4,0.5,2,2,22,11.0,0,1,50.0,19,0.3,2.8,100.0%,11.0,6,9.5,57,0,0,0
Mike Boone,2022,27,DEN,RB,26,9,0,24,102,0,6,33.3,18,4.3,11.3,2.7,15,9,96,10.7,0,2,13.3,34,1.0,10.7,60.0%,6.4,33,6.0,198,0,0,1
Mike Boone,2023,28,HOU,S,22,9,0,5,23,0,2,60.0,11,4.6,2.6,0.6,9,7,40,5.7,0,2,44.4,12,0.8,4.4,77.8%,4.4,12,5.3,63,0,1,0
Mike Boone,2024,29,CAR,RB,34,1,0,4,7,0,,25.0,5,1.8,7.0,4.0,,,,,0,,,,,,,,4,1.8,7,0,0,
Matt Breida,2019,24,SFO,RB,22,13,5,123,623,1,23,43.9,83,5.1,47.9,9.5,22,19,120,6.3,1,6,45.5,17,1.5,9.2,86.4%,5.5,142,5.2,743,2,2,6
Matt Breida,2020,25,MIA,RB,22,12,1,59,254,0,11,55.9,24,4.3,21.2,4.9,10,9,96,10.7,0,5,60.0,31,0.8,8.0,90.0%,9.6,68,5.1,350,0,2,2
Matt Breida,2021,26,BUF,RB,22,9,0,26,125,1,5,65.4,28,4.8,13.9,2.9,9,7,72,10.3,2,4,66.7,23,0.8,8.0,77.8%,8.0,33,6.0,197,3,1,2
Matt Breida,2022,27,NYG,RB,31,17,1,54,220,1,13,50.0,18,4.1,12.9,3.2,25,20,118,5.9,0,5,36.0,16,1.2,6.9,80.0%,4.7,74,4.6,338,1,0,3
Matt Breida,2023,28,NYG,RB,31,17,4,55,151,1,7,34.5,9,2.7,8.9,3.2,21,17,88,5.2,0,2,19.0,22,1.0,5.2,81.0%,4.2,72,3.3,239,1,1,1
Gary Brightwell,2021,22,NYG,RB,37,13,0,1,4,0,,100.0,4,4.0,0.3,0.1,1,1,6,6.0,0,,100.0,6,0.1,0.5,100.0%,6.0,2,5.0,10,0,0,0
Gary Brightwell,2022,23,NYG,RB,23,17,0,31,141,1,9,41.9,25,4.5,8.3,1.8,8,5,39,7.8,0,4,50.0,12,0.3,2.3,62.5%,4.9,36,5.0,180,1,0,1
Gary Brightwell,2023,24,NYG,RB,23,7,0,9,19,0,0,22.2,5,2.1,2.7,1.3,7,5,47,9.4,0,2,42.9,18,0.7,6.7,71.4%,6.7,14,4.7,66,0,0,0
Chris Brooks,2023,23,MIA,RB,35,9,0,19,106,0,2,31.6,52,5.6,11.8,2.1,,,,,0,,,,,,,,19,5.6,106,0,0,1
Chase Brown,2023,23,CIN,RB,30,12,0,44,179,0,6,34.1,31,4.1,14.9,3.7,15,14,156,11.1,1,4,53.3,54,1.2,13.0,93.3%,10.4,58,5.8,335,1,1,3
Chase Brown,2024,24,CIN,RB,30,2,0,7,42,0,1,85.7,12,6.0,21.0,3.5,3,3,12,4.0,0,0,33.3,5,1.5,6.0,100.0%,4.0,10,5.4,54,0,0,
Michael Carter,2021,22,NYJ,RB,32,14,11,147,639,4,29,51.0,55,4.3,45.6,10.5,55,36,325,9.0,0,16,47.3,23,2.6,23.2,65.5%,5.9,183,5.3,964,4,1,6
Michael Carter,2022,23,NYJ,RB,32,16,10,114,402,3,14,42.1,25,3.5,25.1,7.1,54,41,288,7.0,0,12,46.3,37,2.6,18.0,75.9%,5.3,155,4.5,690,3,2,4
Michael Carter,2023,24,2TM,RB,,15,0,30,187,0,9,40.0,21,6.2,12.5,2.0,31,24,101,4.2,1,5,32.3,10,1.6,6.7,77.4%,3.3,54,5.3,288,1,0,2
Ty Chandler,2022,24,MIN,RB,32,3,0,6,20,0,1,33.3,10,3.3,6.7,2.0,,,,,0,,,,,,,,6,3.3,20,0,0,0
Ty Chandler,2023,25,MIN,RB,32,17,4,102,461,3,20,45.1,31,4.5,27.1,6.0,25,21,159,7.6,0,7,48.0,19,1.2,9.4,84.0%,6.4,123,5.0,620,3,0,4
Ty Chandler,2024,26,MIN,RB,32,2,0,18,99,0,5,55.6,25,5.5,49.5,9.0,3,3,25,8.3,0,2,100.0,10,1.5,12.5,100.0%,8.3,21,5.9,124,0,0,
Zach Charbonnet,2023,22,SEA,RB,26,16,2,108,462,1,32,49.1,23,4.3,28.9,6.8,40,33,209,6.3,0,7,45.0,39,2.1,13.1,82.5%,5.2,141,4.8,671,1,0,5
Zach Charbonnet,2024,23,SEA,RB,26,2,1,22,50,1,2,36.4,9,2.3,25.0,11.0,8,7,60,8.6,1,2,50.0,30,3.5,30.0,87.5%,7.5,29,3.8,110,2,0,
Julius Chestnut,2022,22,TEN,RB,36,6,0,9,12,0,1,33.3,5,1.3,2.0,1.5,3,3,41,13.7,0,1,66.7,33,0.5,6.8,100.0%,13.7,12,4.4,53,0,0,0
Julius Chestnut,2023,23,TEN,RB,36,3,0,,,0,,,,,,,,,,,0,,,,,,,,,,,0,0,0
Julius Chestnut,2024,24,TEN,RB,36,2,0,,,0,,,,,,,,,,,0,,,,,,,,,,,0,0,
Nick Chubb,2019,24,CLE,RB,24,16,16,298,1494,8,62,43.6,88,5.0,93.4,18.6,49,36,278,7.7,0,13,42.9,32,2.3,17.4,73.5%,5.7,334,5.3,1772,8,3,12,PB
Nick Chubb,2020,25,CLE,RB,24,12,12,190,1067,12,56,51.6,59,5.6,88.9,15.8,18,16,150,9.4,0,6,61.1,26,1.3,12.5,88.9%,8.3,206,5.9,1217,12,1,9,PB
Nick Chubb,2021,26,CLE,RB,24,14,14,228,1259,8,61,49.1,70,5.5,89.9,16.3,25,20,174,8.7,1,9,52.0,40,1.4,12.4,80.0%,7.0,248,5.8,1433,9,2,10,PB
Nick Chubb,2022,27,CLE,RB,24,17,17,302,1525,12,69,50.0,41,5.0,89.7,17.8,37,27,239,8.9,1,12,51.4,26,1.6,14.1,73.0%,6.5,329,5.4,1764,13,1,12,"AP2,PB"
Nick Chubb,2023,28,CLE,RB,24,2,2,28,170,0,8,57.1,20,6.1,85.0,14.0,4,4,21,5.3,0,1,50.0,10,2.0,10.5,100.0%,5.3,32,6.0,191,0,0,1,
Corey Clement,2019,25,PHI,RB,30,4,0,,,0,,,,,,,,,,,0,,,,,,,,,,,0,2,0
Corey Clement,2020,26,PHI,RB,30,15,0,21,75,1,3,42.9,7,3.6,5.0,1.4,6,5,25,5.0,0,2,66.7,12,0.3,1.7,83.3%,4.2,26,3.8,100,1,0,1
Corey Clement,2021,27,DAL,RB,32,17,0,33,140,0,7,42.4,38,4.2,8.2,1.9,7,6,29,4.8,1,1,28.6,8,0.4,1.7,85.7%,4.1,39,4.3,169,1,0,1
Corey Clement,2022,28,ARI,RB,23,9,1,15,55,1,6,60.0,12,3.7,6.1,1.7,7,5,54,10.8,0,3,42.9,21,0.6,6.0,71.4%,7.7,20,5.5,109,1,0,1
Corey Clement,2023,29,ARI,RB,23,3,0,,,0,,,,,,,,,,,0,,,,,,,,,,,0,0,0
Tarik Cohen,2019,24,CHI,RB,29,16,11,64,213,0,15,42.2,19,3.3,13.3,4.0,104,79,456,5.8,3,18,40.4,31,4.9,28.5,76.0%,4.4,143,4.7,669,3,3,5,
Tarik Cohen,2020,25,CHI,RB,29,3,0,14,74,0,3,50.0,17,5.3,24.7,4.7,9,6,41,6.8,0,1,33.3,20,2.0,13.7,66.7%,4.6,20,5.8,115,0,0,1,
James Conner,2019,24,PIT,RB,30,10,10,116,464,4,26,43.1,25,4.0,46.4,11.6,38,34,251,7.4,3,14,55.3,26,3.4,25.1,89.5%,6.6,150,4.8,715,7,1,4,
James Conner,2020,25,PIT,RB,30,13,11,169,721,6,42,46.7,59,4.3,55.5,13.0,43,35,215,6.1,0,10,41.9,18,2.7,16.5,81.4%,5.0,204,4.6,936,6,2,6,
James Conner,2021,26,ARI,RB,6,15,6,202,752,15,53,50.0,35,3.7,50.1,13.5,39,37,375,10.1,3,18,71.8,45,2.5,25.0,94.9%,9.6,239,4.7,1127,18,2,7,PB
James Conner,2022,27,ARI,RB,6,13,13,183,782,7,48,55.2,23,4.3,60.2,14.1,58,46,300,6.5,1,13,44.8,22,3.5,23.1,79.3%,5.2,229,4.7,1082,8,3,7,
James Conner,2023,28,ARI,RB,6,13,13,208,1040,7,57,49.5,44,5.0,80.0,16.0,33,27,165,6.1,2,11,39.4,34,2.1,12.7,81.8%,5.0,235,5.1,1205,9,0,9,
James Conner,2024,29,ARI,RB,6,2,2,37,172,2,13,45.9,22,4.6,86.0,18.5,5,4,35,8.8,0,1,40.0,22,2.0,17.5,80.0%,7.0,41,5.0,207,2,1,,
Snoop Conner,2022,23,JAX,RB,24,8,0,12,42,1,2,58.3,8,3.5,5.3,1.5,,,,,0,,,,,,,,12,3.5,42,1,0,0
Dalvin Cook,2019,24,MIN,RB,33,14,14,250,1135,13,60,47.6,75,4.5,81.1,17.9,63,53,519,9.8,0,26,57.1,31,3.8,37.1,84.1%,8.2,303,5.5,1654,13,4,15,"AP CPoY-5,PB"
Dalvin Cook,2020,25,MIN,RB,33,14,14,312,1557,16,91,54.5,70,5.0,111.2,22.3,54,44,361,8.2,1,17,44.4,50,3.1,25.8,81.5%,6.7,356,5.4,1918,17,5,13,PB
Dalvin Cook,2021,26,MIN,RB,33,13,13,249,1159,6,57,46.2,66,4.7,89.2,19.2,49,34,224,6.6,0,9,38.8,24,2.6,17.2,69.4%,4.6,283,4.9,1383,6,3,9,PB
Dalvin Cook,2022,27,MIN,RB,4,17,17,264,1173,8,50,47.3,81,4.4,69.0,15.5,56,39,295,7.6,2,16,41.1,64,2.3,17.4,69.6%,5.3,303,4.8,1468,10,4,10,PB
Dalvin Cook,2023,28,2TM,,,15,1,67,214,0,,,14,3.2,14.3,4.5,20,15,78,5.2,0,,,15,1.0,5.2,75.0%,3.9,82,3.6,292,0,2,1,
James Cook,2022,23,BUF,RB,28,16,0,89,507,2,25,50.6,33,5.7,31.7,5.6,32,21,180,8.6,1,5,46.9,41,1.3,11.3,65.6%,5.6,110,6.2,687,3,1,5,
James Cook,2023,24,BUF,RB,4,17,13,237,1122,2,53,55.7,42,4.7,66.0,13.9,54,44,445,10.1,4,16,59.3,48,2.6,26.2,81.5%,8.2,281,5.6,1567,6,4,13,PB
James Cook,2024,25,BUF,RB,4,2,2,30,149,2,8,56.7,49,5.0,74.5,15.0,4,4,49,12.3,1,2,50.0,25,2.0,24.5,100.0%,12.3,34,5.8,198,3,0,,
Blake Corum,2024,24,LAR,RB,22,2,0,8,28,0,2,37.5,9,3.5,14.0,4.0,,,,,0,,,,,,,,8,3.5,28,0,0,
DeeJay Dallas,2020,22,SEA,RB,31,12,2,34,108,2,9,52.9,13,3.2,9.0,2.8,20,17,111,6.5,1,5,55.0,13,1.4,9.3,85.0%,5.6,51,4.3,219,3,0,2
DeeJay Dallas,2021,23,SEA,RB,31,17,0,33,138,2,10,57.6,15,4.2,8.1,1.9,23,21,133,6.3,0,4,56.5,29,1.2,7.8,91.3%,5.8,54,5.0,271,2,1,2
DeeJay Dallas,2022,24,SEA,RB,31,15,0,35,186,0,9,54.3,27,5.3,12.4,2.3,19,17,126,7.4,0,5,57.9,41,1.1,8.4,89.5%,6.6,52,6.0,312,0,1,2
DeeJay Dallas,2023,25,SEA,RB,31,17,0,10,36,0,2,70.0,8,3.6,2.1,0.6,9,6,26,4.3,0,1,11.1,14,0.4,1.5,66.7%,2.9,16,3.9,62,0,2,0
DeeJay Dallas,2024,26,ARI,RB,20,2,0,,,0,,,,,,,,,,,0,,,,,,,,,,,0,0,
Malik Davis,2022,24,DAL,RB,34,12,0,38,161,1,6,39.5,23,4.2,13.4,3.2,7,6,63,10.5,0,5,85.7,18,0.5,5.3,85.7%,9.0,44,5.1,224,1,0,2
Malik Davis,2023,25,DAL,RB,34,3,0,,,0,,,,,,,,,,,0,,,,,,,,,,,0,0,0
Ray Davis,2024,25,BUF,RB,22,2,0,12,42,0,3,33.3,13,3.5,21.0,6.0,2,2,13,6.5,0,1,50.0,14,1.0,6.5,100.0%,6.5,14,3.9,55,0,0,
Tyrion Davis-Price,2022,22,SFO,RB,32,6,0,34,99,0,5,32.4,20,2.9,16.5,5.7,2,0,0,,0,0,0.0,0,0.0,0.0,0.0%,0.0,34,2.9,99,0,0,1
Tyrion Davis-Price,2023,23,SFO,RB,32,1,0,6,21,0,1,50.0,15,3.5,21.0,6.0,,,,,0,,,,,,,,6,3.5,21,0,0,0
Emari Demercado,2023,24,ARI,RB,31,14,2,58,284,2,12,43.1,49,4.9,20.3,4.1,30,21,119,5.7,0,4,30.0,22,1.5,8.5,70.0%,4.0,79,5.1,403,2,0,3
Emari Demercado,2024,25,ARI,RB,31,2,0,2,46,0,1,100.0,41,23.0,23.0,1.0,2,2,26,13.0,0,1,50.0,24,1.0,13.0,100.0%,13.0,4,18.0,72,0,0,
AJ Dillon,2020,22,GNB,RB,28,11,0,46,242,2,11,52.2,30,5.3,22.0,4.2,2,2,21,10.5,0,1,100.0,16,0.2,1.9,100.0%,10.5,48,5.5,263,2,0,2
AJ Dillon,2021,23,GNB,RB,28,17,2,187,803,5,50,61.0,36,4.3,47.2,11.0,37,34,313,9.2,2,15,62.2,50,2.0,18.4,91.9%,8.5,221,5.0,1116,7,2,9
AJ Dillon,2022,24,GNB,RB,28,17,3,186,770,7,47,56.5,27,4.1,45.3,10.9,43,28,206,7.4,0,9,39.5,17,1.6,12.1,65.1%,4.8,214,4.6,976,7,1,7
AJ Dillon,2023,25,GNB,RB,28,15,6,178,613,2,32,50.0,40,3.4,40.9,11.9,28,22,223,10.1,0,10,57.1,35,1.5,14.9,78.6%,8.0,200,4.2,836,2,0,6
J.K. Dobbins,2020,22,BAL,RB,27,15,1,134,805,9,38,56.7,72,6.0,53.7,8.9,24,18,120,6.7,0,4,37.5,19,1.2,8.0,75.0%,5.0,152,6.1,925,9,2,7
J.K. Dobbins,2022,24,BAL,RB,27,8,8,92,520,2,26,57.6,44,5.7,65.0,11.5,8,7,42,6.0,1,3,62.5,20,0.9,5.3,87.5%,5.3,99,5.7,562,3,0,4
J.K. Dobbins,2023,25,BAL,RB,27,1,1,8,22,1,1,50.0,4,2.8,22.0,8.0,3,2,15,7.5,0,0,66.7,10,2.0,15.0,66.7%,5.0,10,3.7,37,1,0,0
J.K. Dobbins,2024,26,LAC,RB,27,2,1,27,266,2,11,63.0,61,9.9,133.0,13.5,4,4,4,1.0,0,0,0.0,3,2.0,2.0,100.0%,1.0,31,8.7,270,2,0,
Elijah Dotson,2023,24,LAC,RB,42,4,0,4,6,0,,25.0,2,1.5,1.5,1.0,2,2,13,6.5,0,,100.0,7,0.5,3.3,100.0%,6.5,6,3.2,19,0,0,0
Rico Dowdle,2020,22,DAL,RB,34,15,0,7,24,0,1,42.9,7,3.4,1.6,0.5,,,,,0,,,,,,,,7,3.4,24,0,0,0
Rico Dowdle,2022,24,DAL,RB,23,5,0,,,0,,,,,,,,,,,0,,,,,,,,,,,0,0,0
Rico Dowdle,2023,25,DAL,RB,23,16,0,89,361,2,17,47.2,21,4.1,22.6,5.6,22,17,144,8.5,2,6,40.9,32,1.1,9.0,77.3%,6.5,106,4.8,505,4,0,4
Rico Dowdle,2024,26,DAL,RB,23,2,1,15,56,0,5,46.7,10,3.7,28.0,7.5,6,5,35,7.0,0,0,50.0,9,2.5,17.5,83.3%,5.8,20,4.6,91,0,0,
Kenyan Drake,2019,25,2TM,RB,,14,10,170,817,8,48,48.8,80,4.8,58.4,12.1,68,50,345,6.9,0,15,42.6,26,3.6,24.6,73.5%,5.1,220,5.3,1162,8,2,8
Kenyan Drake,2020,26,ARI,RB,41,15,13,239,955,10,59,48.5,69,4.0,63.7,15.9,31,25,137,5.5,0,5,48.4,18,1.7,9.1,80.6%,4.4,264,4.1,1092,10,3,6
Kenyan Drake,2021,27,LVR,RB,23,12,2,63,254,2,15,44.4,21,4.0,21.2,5.3,40,30,291,9.7,1,12,57.5,31,2.5,24.3,75.0%,7.3,93,5.9,545,3,1,4
Kenyan Drake,2022,28,BAL,RB,17,12,5,109,482,4,21,45.0,40,4.4,40.2,9.1,26,17,89,5.2,1,7,34.6,15,1.4,7.4,65.4%,3.4,126,4.5,571,5,1,4
Kenyan Drake,2023,29,2TM,RB,,3,0,2,0,0,,0.0,0,0.0,0.0,0.7,3,2,31,15.5,0,,66.7,24,0.7,10.3,66.7%,10.3,4,7.8,31,0,1,0
Chase Edmonds,2019,23,ARI,RB,29,13,2,60,303,4,12,38.3,37,5.1,23.3,4.6,21,12,105,8.8,1,5,42.9,31,0.9,8.1,57.1%,5.0,72,5.7,408,5,0,3
Chase Edmonds,2020,24,ARI,RB,29,16,2,97,448,1,22,48.5,32,4.6,28.0,6.1,67,53,402,7.6,4,21,50.7,30,3.3,25.1,79.1%,6.0,150,5.7,850,5,2,6
Chase Edmonds,2021,25,ARI,RB,2,12,11,116,592,2,32,56.9,54,5.1,49.3,9.7,53,43,311,7.2,0,11,35.8,36,3.6,25.9,81.1%,5.9,159,5.7,903,2,1,7
Chase Edmonds,2022,26,2TM,RB,,13,3,68,245,2,8,42.6,28,3.6,18.8,5.2,24,16,157,9.8,1,7,41.7,27,1.2,12.1,66.7%,6.5,84,4.8,402,3,0,3
Chase Edmonds,2023,27,TAM,RB,22,13,0,49,176,0,8,46.9,21,3.6,13.5,3.8,17,14,81,5.8,0,5,58.8,14,1.1,6.2,82.4%,4.8,63,4.1,257,0,0,2
Gus Edwards,2019,24,BAL,RB,35,16,1,133,711,2,46,51.9,63,5.3,44.4,8.3,7,7,45,6.4,0,2,71.4,10,0.4,2.8,100.0%,6.4,140,5.4,756,2,2,6
Gus Edwards,2020,25,BAL,RB,35,16,6,144,723,6,45,61.8,36,5.0,45.2,9.0,13,9,129,14.3,0,4,53.8,34,0.6,8.1,69.2%,9.9,153,5.6,852,6,1,7
Gus Edwards,2022,27,BAL,RB,35,9,4,87,433,3,30,59.8,37,5.0,48.1,9.7,2,0,0,,0,0,0.0,0,0.0,0.0,0.0%,0.0,87,5.0,433,3,1,3
Gus Edwards,2023,28,BAL,RB,35,17,9,198,810,13,49,54.0,42,4.1,47.6,11.6,13,12,180,15.0,0,5,69.2,80,0.7,10.6,92.3%,13.8,210,4.7,990,13,3,7
Gus Edwards,2024,29,LAC,RB,4,2,1,29,85,0,2,41.4,10,2.9,42.5,14.5,1,1,2,2.0,0,0,0.0,2,0.5,1.0,100.0%,2.0,30,2.9,87,0,0,
Clyde Edwards-Helaire,2020,21,KAN,RB,25,13,13,181,803,4,39,52.5,31,4.4,61.8,13.9,54,36,297,8.3,1,12,44.4,26,2.8,22.8,66.7%,5.5,217,5.1,1100,5,0,8
Clyde Edwards-Helaire,2021,22,KAN,RB,25,10,10,119,517,4,21,56.3,17,4.3,51.7,11.9,23,19,129,6.8,2,8,56.5,29,1.9,12.9,82.6%,5.6,138,4.7,646,6,2,5
Clyde Edwards-Helaire,2022,23,KAN,RB,25,10,6,71,302,3,15,49.3,52,4.3,30.2,7.1,23,17,151,8.9,3,11,60.9,25,1.7,15.1,73.9%,6.6,88,5.1,453,6,0,3
Clyde Edwards-Helaire,2023,24,KAN,RB,25,15,3,70,223,1,12,40.0,20,3.2,14.9,4.7,22,17,188,11.1,1,7,50.0,48,1.1,12.5,77.3%,8.5,87,4.7,411,2,0,3
Austin Ekeler,2019,24,LAC,RB,30,16,8,132,557,3,32,44.7,35,4.2,34.8,8.3,108,92,993,10.8,8,42,56.5,84,5.8,62.1,85.2%,9.2,224,6.9,1550,11,3,11,
Austin Ekeler,2020,25,LAC,RB,30,10,10,116,530,1,26,43.1,27,4.6,53.0,11.6,65,54,403,7.5,2,20,53.8,28,5.4,40.3,83.1%,6.2,170,5.5,933,3,1,6,
Austin Ekeler,2021,26,LAC,RB,30,16,16,206,911,12,53,55.8,28,4.4,56.9,12.9,94,70,647,9.2,8,31,53.2,40,4.4,40.4,74.5%,6.9,276,5.6,1558,20,4,12,
Austin Ekeler,2022,27,LAC,RB,30,17,17,204,915,13,46,48.0,72,4.5,53.8,12.0,127,107,722,6.7,5,36,48.0,23,6.3,42.5,84.3%,5.7,311,5.3,1637,18,5,11,AP OPoY-9
Austin Ekeler,2023,28,LAC,RB,30,14,14,179,628,5,34,47.5,55,3.5,44.9,12.8,74,51,436,8.5,1,20,43.2,39,3.6,31.1,68.9%,5.9,230,4.6,1064,6,5,7,
Austin Ekeler,2024,29,WAS,RB,30,2,0,10,48,0,2,70.0,13,4.8,24.0,5.0,7,7,99,14.1,0,4,71.4,27,3.5,49.5,100.0%,14.1,17,8.6,147,0,0,,
Ezekiel Elliott,2019,24,DAL,RB,21,16,16,301,1357,12,78,54.8,33,4.5,84.8,18.8,71,54,420,7.8,2,21,45.1,27,3.4,26.3,76.1%,5.9,355,5.0,1777,14,3,11,PB
Ezekiel Elliott,2020,25,DAL,RB,21,15,15,244,979,6,62,49.6,31,4.0,65.3,16.3,71,52,338,6.5,2,20,52.1,19,3.5,22.5,73.2%,4.8,296,4.4,1317,8,6,7,
Ezekiel Elliott,2021,26,DAL,RB,21,17,17,237,1002,10,55,51.5,47,4.2,58.9,13.9,65,47,287,6.1,2,17,38.5,21,2.8,16.9,72.3%,4.4,284,4.5,1289,12,1,8,
Ezekiel Elliott,2022,27,DAL,RB,21,15,14,231,876,12,52,47.6,27,3.8,58.4,15.4,23,17,92,5.4,0,4,39.1,31,1.1,6.1,73.9%,4.0,248,3.9,968,12,0,6,
Ezekiel Elliott,2023,28,NWE,RB,15,17,5,184,642,3,33,45.1,17,3.5,37.8,10.8,65,51,313,6.1,2,12,40.0,23,3.0,18.4,78.5%,4.8,235,4.1,955,5,2,5,
Ezekiel Elliott,2024,29,DAL,RB,15,2,1,16,56,1,3,31.3,9,3.5,28.0,8.0,5,4,25,6.3,0,2,40.0,15,2.0,12.5,80.0%,5.0,20,4.1,81,1,0,,
Audric Estime,2024,21,DEN,RB,23,1,0,2,14,0,1,50.0,12,7.0,14.0,2.0,,,,,0,,,,,,,,2,7.0,14,0,1,
Travis Etienne,2022,23,JAX,RB,1,17,12,220,1125,5,52,50.9,62,5.1,66.2,12.9,45,35,316,9.0,0,16,44.4,30,2.1,18.6,77.8%,7.0,255,5.7,1441,5,5,11,
Travis Etienne,2023,24,JAX,RB,1,17,17,267,1008,11,53,43.1,62,3.8,59.3,15.7,73,58,476,8.2,1,23,49.3,56,3.4,28.0,79.5%,6.5,325,4.6,1484,12,0,9,AP OPoY-8
Travis Etienne,2024,25,JAX,RB,1,2,2,25,96,2,7,56.0,20,3.8,48.0,12.5,7,5,21,4.2,0,2,28.6,12,2.5,10.5,71.4%,3.0,30,3.9,117,2,1,,
Darrynton Evans,2020,22,TEN,RB,32,5,0,14,54,0,2,57.1,9,3.9,10.8,2.8,4,2,27,13.5,1,2,50.0,24,0.4,5.4,50.0%,6.8,16,5.1,81,1,0,1
Darrynton Evans,2021,23,TEN,RB,32,1,0,2,7,0,0,0.0,5,3.5,7.0,2.0,2,2,11,5.5,0,1,100.0,6,2.0,11.0,100.0%,5.5,4,4.5,18,0,0,0
Darrynton Evans,2022,24,CHI,RB,21,6,0,14,64,0,3,42.9,21,4.6,10.7,2.3,1,1,33,33.0,0,1,100.0,33,0.2,5.5,100.0%,33.0,15,6.5,97,0,0,1
Darrynton Evans,2023,25,2TM,RB,,7,0,32,121,1,10,40.6,13,3.8,17.3,4.6,12,7,49,7.0,0,2,33.3,17,1.0,7.0,58.3%,4.1,39,4.4,170,1,0,1
Zach Evans,2023,22,LAR,RB,21,10,0,9,19,0,,0.0,5,2.1,1.9,0.9,,,,,0,,,,,,,,9,2.1,19,0,0,0
Jerome Ford,2022,23,CLE,RB,34,13,0,8,12,0,1,12.5,9,1.5,0.9,0.6,,,,,0,,,,,,,,8,1.5,12,0,0,0
Jerome Ford,2023,24,CLE,RB,34,17,12,204,813,4,33,39.7,69,4.0,47.8,12.0,63,44,319,7.3,5,16,41.3,50,2.6,18.8,69.8%,5.1,248,4.6,1132,9,1,6
Jerome Ford,2024,25,CLE,RB,34,2,1,19,108,1,5,63.2,36,5.7,54.0,9.5,9,7,25,3.6,0,0,11.1,8,3.5,12.5,77.8%,2.8,26,5.1,133,1,0,
D'Onta Foreman,2020,24,TEN,RB,45,6,0,22,95,0,6,40.9,15,4.3,15.8,3.7,1,1,5,5.0,1,1,100.0,5,0.2,0.8,100.0%,5.0,23,4.3,100,1,0,1
D'Onta Foreman,2021,25,TEN,RB,45,9,3,133,566,3,22,48.9,35,4.3,62.9,14.8,11,9,123,13.7,0,6,72.7,39,1.0,13.7,81.8%,11.2,142,4.9,689,3,2,5
D'Onta Foreman,2022,26,CAR,RB,33,17,9,203,914,5,45,48.8,60,4.5,53.8,11.9,9,5,26,5.2,0,1,22.2,23,0.3,1.5,55.6%,2.9,208,4.5,940,5,1,6
D'Onta Foreman,2023,27,CHI,RB,21,9,8,109,425,4,24,53.2,22,3.9,47.2,12.1,16,11,77,7.0,1,6,43.8,17,1.2,8.6,68.8%,4.8,120,4.2,502,5,1,3
D'Onta Foreman,2024,28,CLE,RB,27,2,1,14,42,0,1,42.9,9,3.0,21.0,7.0,1,1,9,9.0,0,0,0.0,9,0.5,4.5,100.0%,9.0,15,3.4,51,0,1,
Leonard Fournette,2019,24,JAX,RB,27,15,15,265,1152,3,55,41.1,81,4.3,76.8,17.7,100,76,522,6.9,0,23,40.0,27,5.1,34.8,76.0%,5.2,341,4.9,1674,3,1,10
Leonard Fournette,2020,25,TAM,RB,28,13,3,97,367,6,21,48.5,46,3.8,28.2,7.5,47,36,233,6.5,0,9,48.9,20,2.8,17.9,76.6%,5.0,133,4.5,600,6,0,5
Leonard Fournette,2021,26,TAM,RB,7,14,13,180,812,8,45,56.1,47,4.5,58.0,12.9,84,69,454,6.6,2,30,57.1,23,4.9,32.4,82.1%,5.4,249,5.1,1266,10,1,9
Leonard Fournette,2022,27,TAM,RB,7,16,9,189,668,3,39,49.2,23,3.5,41.8,11.8,83,73,523,7.2,3,26,55.4,44,4.6,32.7,88.0%,6.3,262,4.5,1191,6,0,7
Leonard Fournette,2023,28,BUF,RB,5,2,0,12,40,0,2,41.7,9,3.3,20.0,6.0,,,,,0,,,,,,,,12,3.3,40,0,0,0
Royce Freeman,2019,23,DEN,RB,28,16,0,132,496,3,22,40.9,26,3.8,31.0,8.3,50,43,256,6.0,1,10,42.0,19,2.7,16.0,86.0%,5.1,175,4.3,752,4,0,5
Royce Freeman,2020,24,DEN,RB,28,16,0,35,170,0,10,42.9,23,4.9,10.6,2.2,13,12,81,6.8,0,4,46.2,28,0.8,5.1,92.3%,6.2,47,5.3,251,0,0,1
Royce Freeman,2021,25,2TM,RB,,15,0,56,169,0,8,44.6,13,3.0,11.3,3.7,16,10,77,7.7,0,4,56.3,12,0.7,5.1,62.5%,4.8,66,3.7,246,0,0,2
Royce Freeman,2022,26,HOU,RB,26,4,1,41,117,0,7,39.0,11,2.9,29.3,10.3,8,6,33,5.5,0,0,37.5,9,1.5,8.3,75.0%,4.1,47,3.2,150,0,1,1
Royce Freeman,2023,27,LAR,RB,24,14,0,77,319,2,17,51.9,23,4.1,22.8,5.5,2,1,13,13.0,0,1,50.0,13,0.1,0.9,50.0%,6.5,78,4.3,332,2,0,2
Jake Funk,2021,23,LAR,RB,34,10,0,2,5,0,,50.0,6,2.5,0.5,0.2,,,,,0,,,,,,,,2,2.5,5,0,0,0
Jake Funk,2022,24,2TM,RB,,6,0,,,0,,,,,,,,,,,0,,,,,,,,,,,0,0,0
Jake Funk,2023,25,IND,RB,34,4,0,2,10,0,0,0.0,7,5.0,2.5,0.5,1,1,12,12.0,0,1,100.0,12,0.3,3.0,100.0%,12.0,3,7.3,22,0,0,0
Kenneth Gainwell,2021,22,PHI,RB,14,16,1,68,291,5,19,50.0,18,4.3,18.2,4.3,50,33,253,7.7,1,14,44.0,19,2.1,15.8,66.0%,5.1,101,5.4,544,6,2,5
Kenneth Gainwell,2022,23,PHI,RB,14,17,0,53,240,4,17,62.3,13,4.5,14.1,3.1,29,23,169,7.3,0,7,41.4,20,1.4,9.9,79.3%,5.8,76,5.4,409,4,0,4
Kenneth Gainwell,2023,24,PHI,RB,14,16,2,84,364,2,19,39.3,32,4.3,22.8,5.3,37,30,183,6.1,0,11,48.6,19,1.9,11.4,81.1%,4.9,114,4.8,547,2,3,5
Kenneth Gainwell,2024,25,PHI,RB,14,2,0,3,8,0,0,33.3,4,2.7,4.0,1.5,1,1,10,10.0,0,1,100.0,10,0.5,5.0,100.0%,10.0,4,4.5,18,0,0,
Myles Gaskin,2019,22,MIA,RB,37,7,0,36,133,1,7,38.9,27,3.7,19.0,5.1,12,7,51,7.3,0,2,41.7,20,1.0,7.3,58.3%,4.3,43,4.3,184,1,0,1
Myles Gaskin,2020,23,MIA,RB,37,10,7,142,584,3,27,50.7,26,4.1,58.4,14.2,47,41,388,9.5,2,12,59.6,59,4.1,38.8,87.2%,8.3,183,5.3,972,5,2,7
Myles Gaskin,2021,24,MIA,RB,37,17,10,173,612,3,25,41.6,30,3.5,36.0,10.2,63,49,234,4.8,4,13,46.0,24,2.9,13.8,77.8%,3.7,222,3.8,846,7,2,5
Myles Gaskin,2022,25,MIA,RB,3,4,0,10,26,0,2,30.0,10,2.6,6.5,2.5,6,4,28,7.0,0,0,50.0,16,1.0,7.0,66.7%,4.7,14,3.9,54,0,0,0
Myles Gaskin,2023,26,2TM,RB,,3,0,,,0,,,,,,,,,,,0,,,,,,,,,,,0,0,0
Myles Gaskin,2024,27,MIN,RB,37,2,0,1,-3,0,,0.0,-3,-3.0,-1.5,0.5,,,,,0,,,,,,,,1,-3.0,-3,0,0,
Jahmyr Gibbs,2023,21,DET,RB,26,15,3,182,945,10,42,46.7,36,5.2,63.0,12.1,71,52,316,6.1,1,20,46.5,24,3.5,21.1,73.2%,4.5,234,5.4,1261,11,2,10,"AP ORoY-4,PB"
Jahmyr Gibbs,2024,22,DET,RB,26,2,1,24,124,1,6,62.5,24,5.2,62.0,12.0,13,11,56,5.1,0,4,38.5,14,5.5,28.0,84.6%,4.3,35,5.1,180,1,0,,
Antonio Gibson,2020,22,WAS,RB,24,14,10,170,795,11,40,51.8,40,4.7,56.8,12.1,44,36,247,6.9,0,8,43.2,40,2.6,17.6,81.8%,5.6,206,5.1,1042,11,1,6
Antonio Gibson,2021,23,WAS,RB,24,16,14,258,1037,7,65,51.2,27,4.0,64.8,16.1,52,42,294,7.0,3,12,50.0,73,2.6,18.4,80.8%,5.7,300,4.4,1331,10,6,8
Antonio Gibson,2022,24,WAS,RB,24,15,6,149,546,3,32,49.7,20,3.7,36.4,9.9,58,46,353,7.7,2,18,46.6,26,3.1,23.5,79.3%,6.1,195,4.6,899,5,1,6
Antonio Gibson,2023,25,WAS,RB,24,16,2,65,265,1,13,43.1,16,4.1,16.6,4.1,59,48,389,8.1,2,19,44.1,41,3.0,24.3,81.4%,6.6,113,5.8,654,3,4,5
Antonio Gibson,2024,26,NWE,RB,4,2,0,18,114,0,5,50.0,45,6.3,57.0,9.0,1,1,7,7.0,0,1,100.0,7,0.5,3.5,100.0%,7.0,19,6.4,121,0,0,
Tyler Goodson,2023,23,IND,RB,31,6,1,13,87,0,4,46.2,31,6.7,14.5,2.2,9,6,34,5.7,0,1,55.6,15,1.0,5.7,66.7%,3.8,19,6.4,121,0,0,1
Tyler Goodson,2024,24,IND,RB,31,1,0,,,0,,,,,,,1,1,2,2.0,0,,0.0,2,1.0,2.0,100.0%,2.0,1,2.0,2,0,0,
Melvin Gordon,2019,26,LAC,RB,25,12,11,162,612,8,39,49.4,24,3.8,51.0,13.5,55,42,296,7.0,1,11,47.3,25,3.5,24.7,76.4%,5.4,204,4.5,908,9,4,6,
Melvin Gordon,2020,27,DEN,RB,25,15,10,215,986,9,46,44.2,65,4.6,65.7,14.3,44,32,158,4.9,1,7,29.5,20,2.1,10.5,72.7%,3.6,247,4.6,1144,10,4,6,
Melvin Gordon,2021,28,DEN,RB,25,16,16,203,918,8,48,55.2,70,4.5,57.4,12.7,38,28,213,7.6,2,9,36.8,30,1.8,13.3,73.7%,5.6,231,4.9,1131,10,3,7,
Melvin Gordon,2022,29,DEN,RB,25,10,6,90,318,2,15,50.0,17,3.5,31.8,9.0,32,25,223,8.9,0,11,46.9,24,2.5,22.3,78.1%,7.0,115,4.7,541,2,5,3,
Melvin Gordon,2023,30,BAL,RB,33,4,0,26,81,1,4,30.8,22,3.1,20.3,6.5,3,3,46,15.3,0,3,100.0,23,0.8,11.5,100.0%,15.3,29,4.4,127,1,1,1,
Derrick Gore,2021,27,KAN,RB,40,11,0,51,256,2,12,60.8,51,5.0,23.3,4.6,9,8,105,13.1,0,3,77.8,50,0.7,9.5,88.9%,11.7,59,6.1,361,2,0,3
Derrick Gore,2023,29,WAS,RB,38,6,0,3,26,0,1,33.3,23,8.7,4.3,0.5,,,,,0,,,,,,,,3,8.7,26,0,0,0
Eric Gray,2023,24,NYG,RB,20,13,0,17,48,0,2,35.3,12,2.8,3.7,1.3,7,6,22,3.7,0,0,0.0,9,0.5,1.7,85.7%,3.1,23,3.0,70,0,3,0
Eric Gray,2024,25,NYG,RB,20,2,0,2,6,0,1,50.0,6,3.0,3.0,1.0,1,1,9,9.0,0,0,100.0,9,0.5,4.5,100.0%,9.0,3,5.0,15,0,0,
Isaac Guerendo,2024,24,SFO,RB,31,2,0,1,0,0,,0.0,0,0.0,0.0,0.5,,,,,0,,,,,,,,1,0.0,,0,0,
Breece Hall,2022,21,NYJ,RB,20,7,2,80,463,4,20,50.0,62,5.8,66.1,11.4,31,19,218,11.5,1,8,35.5,79,2.7,31.1,61.3%,7.0,99,6.9,681,5,1,4,
Breece Hall,2023,22,NYJ,RB,20,17,16,223,994,5,40,39.5,83,4.5,58.5,13.1,95,76,591,7.8,4,28,40.0,50,4.5,34.8,80.0%,6.2,299,5.3,1585,9,2,8,AP CPoY-7
Breece Hall,2024,23,NYJ,RB,20,2,2,30,116,1,5,36.7,30,3.9,58.0,15.0,14,12,91,7.6,1,3,50.0,26,6.0,45.5,85.7%,6.5,42,4.9,207,2,1,,
Damien Harris,2019,22,NWE,RB,37,2,0,4,12,0,,0.0,13,3.0,6.0,2.0,,,,,0,,,,,,,,4,3.0,12,0,0,0
Damien Harris,2020,23,NWE,RB,37,10,10,137,691,2,30,52.6,41,5.0,69.1,13.7,7,5,52,10.4,0,4,57.1,15,0.5,5.2,71.4%,7.4,142,5.2,743,2,1,5
Damien Harris,2021,24,NWE,RB,37,15,15,202,929,15,55,54.0,64,4.6,61.9,13.5,21,18,132,7.3,0,4,61.9,21,1.2,8.8,85.7%,6.3,220,4.8,1061,15,2,8
Damien Harris,2022,25,NWE,RB,37,11,9,106,462,3,23,50.0,30,4.4,42.0,9.6,23,17,97,5.7,0,4,43.5,15,1.5,8.8,73.9%,4.2,123,4.5,559,3,0,3
Damien Harris,2023,26,BUF,RB,22,6,0,23,94,1,9,65.2,11,4.1,15.7,3.8,2,2,16,8.0,0,0,0.0,13,0.3,2.7,100.0%,8.0,25,4.4,110,1,0,1
Kevin Harris,2022,22,NWE,RB,36,5,1,18,52,1,3,33.3,14,2.9,10.4,3.6,,,,,0,,,,,,,,18,2.9,52,1,0,0
Kevin Harris,2023,23,NWE,RB,36,4,0,16,65,1,2,50.0,18,4.1,16.3,4.0,3,3,58,19.3,0,2,66.7,48,0.8,14.5,100.0%,19.3,19,6.5,123,1,0,1
Najee Harris,2021,23,PIT,RB,22,17,17,307,1200,7,62,47.6,37,3.9,70.6,18.1,94,74,467,6.3,3,22,48.9,25,4.4,27.5,78.7%,5.0,381,4.4,1667,10,0,10,PB
Najee Harris,2022,24,PIT,RB,22,17,17,272,1034,7,45,46.0,36,3.8,60.8,16.0,53,41,229,5.6,3,16,49.1,19,2.4,13.5,77.4%,4.3,313,4.0,1263,10,3,6,
Najee Harris,2023,25,PIT,RB,22,17,17,255,1035,8,51,48.2,25,4.1,60.9,15.0,38,29,170,5.9,0,9,50.0,32,1.7,10.0,76.3%,4.5,284,4.2,1205,8,2,7,
Najee Harris,2024,26,PIT,RB,22,2,2,37,139,0,5,43.2,20,3.8,69.5,18.5,4,2,14,7.0,0,0,25.0,9,1.0,7.0,50.0%,3.5,39,3.9,153,0,0,,
Hassan Haskins,2022,23,TEN,RB,25,15,1,25,93,0,5,44.0,12,3.7,6.2,1.7,12,11,57,5.2,0,2,25.0,10,0.7,3.8,91.7%,4.8,36,4.2,150,0,0,1
Hassan Haskins,2024,25,LAC,RB,28,2,0,3,11,0,1,33.3,5,3.7,5.5,1.5,,,,,0,,,,,,,,3,3.7,11,0,0,
Jamycal Hasty,2020,24,SFO,RB,38,8,0,39,148,1,7,46.2,20,3.8,18.5,4.9,8,7,33,4.7,0,0,25.0,16,0.9,4.1,87.5%,4.1,46,3.9,181,1,1,1
Jamycal Hasty,2021,25,SFO,RB,23,11,0,16,68,1,6,43.8,21,4.3,6.2,1.5,29,23,157,6.8,0,7,51.7,23,2.1,14.3,79.3%,5.4,39,5.8,225,1,2,2
Jamycal Hasty,2022,26,JAX,RB,22,17,0,46,194,2,7,37.0,61,4.2,11.4,2.7,26,20,126,6.3,1,7,30.8,28,1.2,7.4,76.9%,4.8,66,4.8,320,3,0,2
Jamycal Hasty,2023,27,2TM,RB,,5,0,,,0,,,,,,,2,0,0,,0,,0.0,0,0.0,0.0,0.0%,0.0,,,,0,0,0
Jamycal Hasty,2024,28,NWE,RB,39,2,0,1,2,0,,0.0,2,2.0,1.0,0.5,,,,,0,,,,,,,,1,2.0,2,0,0,
Darrell Henderson,2019,22,LAR,RB,27,13,0,39,147,0,10,41.0,22,3.8,11.3,3.0,6,4,37,9.3,0,1,66.7,14,0.3,2.8,66.7%,6.2,43,4.3,184,0,0,1
Darrell Henderson,2020,23,LAR,RB,27,15,11,138,624,5,40,53.6,40,4.5,41.6,9.2,24,16,159,9.9,1,8,41.7,28,1.1,10.6,66.7%,6.6,154,5.1,783,6,0,4
Darrell Henderson,2021,24,LAR,RB,27,12,10,149,688,5,39,57.0,29,4.6,57.3,12.4,40,29,176,6.1,3,8,40.0,25,2.4,14.7,72.5%,4.4,178,4.9,864,8,0,6
Darrell Henderson,2022,25,LAR,RB,27,10,7,70,283,3,14,42.9,23,4.0,28.3,7.0,22,17,102,6.0,0,5,50.0,15,1.7,10.2,77.3%,4.6,87,4.4,385,3,0,3
Darrell Henderson,2023,26,LAR,RB,27,4,4,46,112,2,5,37.0,16,2.4,28.0,11.5,14,10,103,10.3,0,3,28.6,32,2.5,25.8,71.4%,7.4,56,3.8,215,2,0,2
Derrick Henry,2019,25,TEN,RB,22,15,15,303,1540,16,73,49.2,74,5.1,102.7,20.2,24,18,206,11.4,2,4,50.0,75,1.2,13.7,75.0%,8.6,321,5.4,1746,18,5,13,"AP2,PB"
Derrick Henry,2020,26,TEN,RB,22,16,16,378,2027,17,98,56.6,94,5.4,126.7,23.6,31,19,114,6.0,0,4,32.3,53,1.2,7.1,61.3%,3.7,397,5.4,2141,17,3,16,"AP OPoY-1,AP1,PB"
Derrick Henry,2021,27,TEN,RB,22,8,8,219,937,10,49,44.7,76,4.3,117.1,27.4,20,18,154,8.6,0,7,80.0,16,2.3,19.3,90.0%,7.7,237,4.6,1091,10,1,7,
Derrick Henry,2022,28,TEN,RB,22,16,16,349,1538,13,65,46.7,56,4.4,96.1,21.8,41,33,398,12.1,0,11,61.0,69,2.1,24.9,80.5%,9.7,382,5.1,1936,13,6,11,"AP OPoY-12,AP MVP-9,AP CPoY-9,PB"
Derrick Henry,2023,29,TEN,RB,22,17,17,280,1167,12,63,46.1,69,4.2,68.6,16.5,36,28,214,7.6,0,7,44.4,46,1.6,12.6,77.8%,5.9,308,4.5,1381,12,0,9,PB
Derrick Henry,2024,30,BAL,RB,22,2,2,31,130,2,8,54.8,29,4.2,65.0,15.5,3,1,12,12.0,0,1,33.3,12,0.5,6.0,33.3%,4.0,32,4.4,142,2,0,,
Khalil Herbert,2021,23,CHI,RB,24,17,2,103,433,2,24,50.5,29,4.2,25.5,6.1,16,14,96,6.9,0,6,50.0,20,0.8,5.6,87.5%,6.0,117,4.5,529,2,1,3
Khalil Herbert,2022,24,CHI,RB,24,13,1,129,731,4,26,47.3,63,5.7,56.2,9.9,12,9,57,6.3,1,2,16.7,25,0.7,4.4,75.0%,4.8,138,5.7,788,5,0,5
Khalil Herbert,2023,25,CHI,RB,24,12,9,132,611,2,25,49.2,38,4.6,50.9,11.0,31,20,134,6.7,1,9,41.9,23,1.7,11.2,64.5%,4.3,152,4.9,745,3,1,5
Khalil Herbert,2024,26,CHI,RB,24,2,0,4,7,1,3,75.0,4,1.8,3.5,2.0,2,2,4,2.0,0,0,0.0,2,1.0,2.0,100.0%,2.0,6,1.8,11,1,0,
Justice Hill,2019,22,BAL,RB,43,16,0,58,225,2,10,36.2,18,3.9,14.1,3.6,15,8,70,8.8,0,5,53.3,14,0.5,4.4,53.3%,4.7,66,4.5,295,2,0,3
Justice Hill,2020,23,BAL,RB,43,12,0,12,60,0,2,33.3,19,5.0,5.0,1.0,5,5,20,4.0,0,0,20.0,8,0.4,1.7,100.0%,4.0,17,4.7,80,0,0,1
Justice Hill,2022,25,BAL,RB,43,15,0,49,262,0,15,59.2,34,5.3,17.5,3.3,12,12,58,4.8,0,2,41.7,15,0.8,3.9,100.0%,4.8,61,5.2,320,0,2,2
Justice Hill,2023,26,BAL,RB,43,16,5,84,387,3,19,48.8,41,4.6,24.2,5.3,39,28,206,7.4,1,8,30.8,24,1.8,12.9,71.8%,5.3,112,5.3,593,4,1,5
Justice Hill,2024,27,BAL,RB,43,2,0,5,25,0,2,40.0,14,5.0,12.5,2.5,10,8,62,7.8,0,2,40.0,18,4.0,31.0,80.0%,6.2,13,6.7,87,0,0,
Nyheim Hines,2019,23,IND,RB,21,16,2,52,199,2,16,51.9,18,3.8,12.4,3.3,58,44,320,7.3,0,15,43.1,21,2.8,20.0,75.9%,5.5,96,5.4,519,2,1,6
Nyheim Hines,2020,24,IND,RB,21,16,2,89,380,3,24,42.7,31,4.3,23.8,5.6,76,63,482,7.7,4,24,53.9,29,3.9,30.1,82.9%,6.3,152,5.7,862,7,0,7
Nyheim Hines,2021,25,IND,RB,21,17,4,56,276,2,15,48.2,34,4.9,16.2,3.3,57,40,310,7.8,1,15,42.1,36,2.4,18.2,70.2%,5.4,96,6.1,586,3,3,5
Nyheim Hines,2022,26,2TM,RB,,16,5,24,33,1,2,20.8,9,1.4,2.1,1.5,37,30,241,8.0,1,11,56.8,22,1.9,15.1,81.1%,6.5,54,5.1,274,2,2,4
Travis Homer,2019,21,SEA,RB,25,16,1,18,114,0,6,50.0,29,6.3,7.1,1.1,13,11,56,5.1,0,3,46.2,11,0.7,3.5,84.6%,4.3,29,5.9,170,0,0,1
Travis Homer,2020,22,SEA,RB,25,9,0,25,88,0,2,40.0,12,3.5,9.8,2.8,10,9,90,10.0,1,4,40.0,50,1.0,10.0,90.0%,9.0,34,5.2,178,1,0,1
Travis Homer,2021,23,SEA,RB,25,14,0,21,177,1,7,57.1,73,8.4,12.6,1.5,20,16,161,10.1,0,8,50.0,31,1.1,11.5,80.0%,8.1,37,9.1,338,1,0,4
Travis Homer,2022,24,SEA,RB,25,10,1,19,74,0,4,47.4,16,3.9,7.4,1.9,18,16,157,9.8,1,7,50.0,27,1.6,15.7,88.9%,8.7,35,6.6,231,1,1,2
Travis Homer,2023,25,CHI,RB,20,16,0,,,0,,,,,,,1,0,0,,0,,0.0,0,0.0,0.0,0.0%,0.0,,,,0,0,0
Travis Homer,2024,26,CHI,RB,20,2,0,3,16,0,1,100.0,6,5.3,8.0,1.5,,,,,0,,,,,,,,3,5.3,16,0,0,
Chuba Hubbard,2021,22,CAR,RB,30,17,10,172,612,5,36,43.0,26,3.6,36.0,10.1,37,25,174,7.0,1,8,40.5,33,1.5,10.2,67.6%,4.7,197,4.0,786,6,1,5
Chuba Hubbard,2022,23,CAR,RB,30,15,2,95,466,2,23,45.3,35,4.9,31.1,6.3,17,14,171,12.2,0,5,47.1,45,0.9,11.4,82.4%,10.1,109,5.8,637,2,2,4
Chuba Hubbard,2023,24,CAR,RB,30,17,12,238,902,5,59,47.5,22,3.8,53.1,14.0,44,39,233,6.0,0,9,36.4,25,2.3,13.7,88.6%,5.3,277,4.1,1135,5,1,6
Chuba Hubbard,2024,25,CAR,RB,30,2,2,16,78,0,4,56.3,23,4.9,39.0,8.0,5,4,12,3.0,0,0,20.0,5,2.0,6.0,80.0%,2.4,20,4.5,90,0,0,
Kareem Hunt,2019,24,CLE,RB,27,8,3,43,179,2,8,53.5,16,4.2,22.4,5.4,44,37,285,7.7,1,17,52.3,29,4.6,35.6,84.1%,6.5,80,5.8,464,3,1,3,
Kareem Hunt,2020,25,CLE,RB,27,16,5,198,841,6,44,48.0,33,4.2,52.6,12.4,51,38,304,8.0,5,19,54.9,26,2.4,19.0,74.5%,6.0,236,4.9,1145,11,2,9,
Kareem Hunt,2021,26,CLE,RB,27,8,1,78,386,5,22,47.4,33,4.9,48.3,9.8,27,22,174,7.9,0,10,51.9,23,2.8,21.8,81.5%,6.4,100,5.6,560,5,0,4,
Kareem Hunt,2022,27,CLE,RB,27,17,0,123,468,3,30,48.0,24,3.8,27.5,7.2,44,35,210,6.0,1,11,38.6,24,2.1,12.4,79.5%,4.8,158,4.3,678,4,1,5,
Kareem Hunt,2023,28,CLE,RB,27,15,2,135,411,9,38,45.9,16,3.0,27.4,9.0,21,15,84,5.6,0,5,38.1,13,1.0,5.6,71.4%,4.0,150,3.3,495,9,0,3,
Godwin Igwebuike,2021,27,DET,RB,35,17,1,18,118,1,7,61.1,42,6.6,6.9,1.1,10,7,60,8.6,0,4,40.0,18,0.4,3.5,70.0%,6.0,25,7.1,178,1,2
Godwin Igwebuike,2022,28,SEA,RB,34,5,0,3,4,0,,33.3,4,1.3,0.8,0.6,1,1,3,3.0,0,,0.0,3,0.2,0.6,100.0%,3.0,4,1.8,7,0,0
Keaontay Ingram,2022,23,ARI,RB,30,12,0,27,60,1,4,25.9,13,2.2,5.0,2.3,5,4,21,5.3,0,1,20.0,24,0.3,1.8,80.0%,4.2,31,2.6,81,1,0,1
Keaontay Ingram,2023,24,ARI,RB,30,8,1,35,74,0,4,20.0,14,2.1,9.3,4.4,4,4,26,6.5,0,1,50.0,9,0.5,3.3,100.0%,6.5,39,2.6,100,0,0,1
Bucky Irving,2024,22,TAM,RB,7,2,0,16,84,0,2,43.8,31,5.3,42.0,8.0,3,2,14,7.0,0,0,33.3,9,1.0,7.0,66.7%,4.7,18,5.4,98,0,0,
Deon Jackson,2021,22,IND,RB,35,9,0,13,31,1,2,30.8,10,2.4,3.4,1.4,,,,,0,,,,,,,,13,2.4,31,1,0,0
Deon Jackson,2022,23,IND,RB,35,16,2,68,236,1,13,38.2,17,3.5,14.8,4.3,34,30,209,7.0,1,10,47.1,27,1.9,13.1,88.2%,6.1,98,4.5,445,2,1,3
Deon Jackson,2023,24,3TM,RB,,4,1,14,16,0,1,14.3,7,1.1,4.0,3.5,6,5,14,2.8,0,0,33.3,8,1.3,3.5,83.3%,2.3,19,1.6,30,0,2,0
Josh Jacobs,2019,21,OAK,RB,28,13,13,242,1150,7,53,49.6,51,4.8,88.5,18.6,27,20,166,8.3,0,8,51.9,28,1.5,12.8,74.1%,6.1,262,5.0,1316,7,1,8,AP ORoY-2
Josh Jacobs,2020,22,LVR,RB,28,15,15,273,1065,12,61,50.2,28,3.9,71.0,18.2,45,33,238,7.2,0,9,46.7,29,2.2,15.9,73.3%,5.3,306,4.3,1303,12,2,8,PB
Josh Jacobs,2021,23,LVR,RB,28,15,14,217,872,9,45,53.0,28,4.0,58.1,14.5,64,54,348,6.4,0,14,51.6,29,3.6,23.2,84.4%,5.4,271,4.5,1220,9,2,7,
Josh Jacobs,2022,24,LVR,RB,28,17,17,340,1653,12,93,57.4,86,4.9,97.2,20.0,64,53,400,7.5,0,16,50.0,43,3.1,23.5,82.8%,6.3,393,5.2,2053,12,3,15,"AP OPoY-5,AP1,PB"
Josh Jacobs,2023,25,LVR,RB,8,13,13,233,805,6,34,45.9,63,3.5,61.9,17.9,54,37,296,8.0,0,15,55.6,21,2.8,22.8,68.5%,5.5,270,4.1,1101,6,3,6,
Josh Jacobs,2024,26,GNB,RB,8,2,2,48,235,0,12,50.0,34,4.9,117.5,24.0,3,2,20,10.0,0,1,33.3,11,1.0,10.0,66.7%,6.7,50,5.1,255,0,2,,
D'Ernest Johnson,2019,23,CLE,RB,30,16,0,4,21,0,0,0.0,13,5.3,1.3,0.3,7,6,71,11.8,0,1,28.6,27,0.4,4.4,85.7%,10.1,10,9.2,92,0,0,1
D'Ernest Johnson,2020,24,CLE,RB,30,16,0,33,166,0,7,42.4,28,5.0,10.4,2.1,4,3,14,4.7,0,0,0.0,5,0.2,0.9,75.0%,3.5,36,5.0,180,0,1,1
D'Ernest Johnson,2021,25,CLE,RB,30,17,2,100,534,3,24,52.0,30,5.3,31.4,5.9,25,19,137,7.2,0,7,44.0,18,1.1,8.1,76.0%,5.5,119,5.6,671,3,1,4
D'Ernest Johnson,2022,26,CLE,RB,30,15,0,4,17,0,1,75.0,7,4.3,1.1,0.3,3,3,7,2.3,0,0,33.3,7,0.2,0.5,100.0%,2.3,7,3.4,24,0,0,0
D'Ernest Johnson,2023,27,JAX,RB,25,17,0,41,108,0,5,39.0,19,2.6,6.4,2.4,12,10,140,14.0,0,6,50.0,42,0.6,8.2,83.3%,11.7,51,4.9,248,0,0,2
D'Ernest Johnson,2024,28,JAX,RB,2,2,0,5,26,0,1,80.0,9,5.2,13.0,2.5,,,,,0,,,,,,,,5,5.2,26,0,0,
Roschon Johnson,2023,22,CHI,RB,23,15,0,81,352,2,16,43.2,29,4.3,23.5,5.4,40,34,209,6.1,0,6,27.5,24,2.3,13.9,85.0%,5.2,115,4.9,561,2,1,4
Roschon Johnson,2024,23,CHI,RB,23,1,0,,,0,,,,,,,,,,,0,,,,,,,,,,,0,0,
Ty Johnson,2019,22,DET,RB,31,16,1,63,273,0,11,44.4,40,4.3,17.1,3.9,31,24,109,4.5,0,4,32.3,13,1.5,6.8,77.4%,3.5,87,4.4,382,0,1,2
Ty Johnson,2020,23,2TM,RB,,13,1,54,254,1,11,53.7,34,4.7,19.5,4.2,21,16,99,6.2,1,6,38.1,18,1.2,7.6,76.2%,4.7,70,5.0,353,2,0,2
Ty Johnson,2021,24,NYJ,RB,25,16,3,61,238,2,13,47.5,24,3.9,14.9,3.8,55,34,372,10.9,2,20,47.3,23,2.1,23.3,61.8%,6.8,95,6.4,610,4,2,4
Ty Johnson,2022,25,NYJ,RB,25,17,1,30,160,1,5,36.7,32,5.3,9.4,1.8,24,12,88,7.3,0,3,25.0,16,0.7,5.2,50.0%,3.7,42,5.9,248,1,0,1
Ty Johnson,2023,26,BUF,RB,26,10,0,30,132,0,8,63.3,13,4.4,13.2,3.0,7,7,62,8.9,1,2,71.4,28,0.7,6.2,100.0%,8.9,37,5.2,194,1,1,2
Ty Johnson,2024,27,BUF,RB,26,2,0,3,6,0,0,33.3,6,2.0,3.0,1.5,3,1,33,33.0,0,1,33.3,33,0.5,16.5,33.3%,11.0,4,9.8,39,0,0,
Aaron Jones,2019,25,GNB,RB,33,16,16,236,1084,16,55,54.2,56,4.6,67.8,14.8,68,49,474,9.7,3,18,47.1,67,3.1,29.6,72.1%,7.0,285,5.5,1558,19,3,12,
Aaron Jones,2020,26,GNB,RB,33,14,14,201,1104,9,52,55.7,77,5.5,78.9,14.4,63,47,355,7.6,2,15,49.2,30,3.4,25.4,74.6%,5.6,248,5.9,1459,11,2,14,PB
Aaron Jones,2021,27,GNB,RB,33,15,15,171,799,4,37,49.7,57,4.7,53.3,11.4,65,52,391,7.5,6,22,50.8,26,3.5,26.1,80.0%,6.0,223,5.3,1190,10,2,9,
Aaron Jones,2022,28,GNB,RB,33,17,17,213,1121,2,54,54.9,36,5.3,65.9,12.5,72,59,395,6.7,5,19,44.4,30,3.5,23.2,81.9%,5.5,272,5.6,1516,7,5,12,
Aaron Jones,2023,29,GNB,RB,33,11,11,142,656,2,34,62.0,39,4.6,59.6,12.9,43,30,233,7.8,1,13,39.5,51,2.7,21.2,69.8%,5.4,172,5.2,889,3,2,7,
Aaron Jones,2024,30,MIN,RB,33,2,2,23,126,1,7,65.2,19,5.5,63.0,11.5,8,7,51,7.3,0,1,25.0,18,3.5,25.5,87.5%,6.4,30,5.9,177,1,1,,
Taiwan Jones,2019,31,HOU,RB,34,11,0,9,40,0,3,66.7,11,4.4,3.6,0.8,1,1,9,9.0,0,0,100.0,9,0.1,0.8,100.0%,9.0,10,4.9,49,0,0,0
Taiwan Jones,2020,32,BUF,RB,25,13,0,,,0,,,,,,,2,0,0,,0,,0.0,0,0.0,0.0,0.0%,0.0,,,,0,,0
Taiwan Jones,2021,33,BUF,RB,25,17,0,,,0,,,,,,,,,,,0,,,,,,,,,,,0,0,0
Taiwan Jones,2022,34,BUF,RB,25,16,0,,,0,,,,,,,,,,,0,,,,,,,,,,,0,1,0
Taiwan Jones,2023,35,NYG,RB,36,2,0,,,0,,,,,,,,,,,0,,,,,,,,,,,0,0,0
Tony Jones,2020,23,NOR,RB,37,1,1,3,13,0,1,66.7,6,4.3,13.0,3.0,,,,,0,,,,,,,,3,4.3,13,0,0,0
Tony Jones,2021,24,NOR,RB,21,11,4,54,142,0,7,37.0,11,2.6,12.9,4.9,8,5,29,5.8,0,2,50.0,19,0.5,2.6,62.5%,3.6,59,2.9,171,0,0,1
Tony Jones,2022,25,2TM,RB,,6,0,10,24,0,3,50.0,7,2.4,4.0,1.7,8,5,30,6.0,0,0,37.5,9,0.8,5.0,62.5%,3.8,15,3.6,54,0,0,0
Tony Jones,2023,26,2TM,RB,,7,1,26,95,2,7,46.2,19,3.7,13.6,3.7,10,7,37,5.3,0,1,20.0,11,1.0,5.3,70.0%,3.7,33,4.0,132,2,0,1
Alvin Kamara,2019,24,NOR,RB,41,14,9,171,797,5,32,50.9,40,4.7,56.9,12.2,97,81,533,6.6,1,28,44.3,41,5.8,38.1,83.5%,5.5,252,5.3,1330,6,4,11,PB
Alvin Kamara,2020,25,NOR,RB,41,15,10,187,932,16,58,53.5,49,5.0,62.1,12.5,107,83,756,9.1,5,35,44.9,52,5.5,50.4,77.6%,7.1,270,6.3,1688,21,1,14,"AP OPoY-6,AP2,PB"
Alvin Kamara,2021,26,NOR,RB,41,13,10,240,898,4,42,41.3,30,3.7,69.1,18.5,67,47,439,9.3,5,20,43.3,31,3.6,33.8,70.1%,6.6,287,4.7,1337,9,0,8,PB
Alvin Kamara,2022,27,NOR,RB,41,15,13,223,897,2,40,52.0,27,4.0,59.8,14.9,77,57,490,8.6,2,17,46.8,54,3.8,32.7,74.0%,6.4,280,5.0,1387,4,4,8,
Alvin Kamara,2023,28,NOR,RB,41,13,12,180,694,5,42,48.3,17,3.9,53.4,13.8,86,75,466,6.2,1,23,45.3,25,5.8,35.8,87.2%,5.4,255,4.5,1160,6,0,8,
Alvin Kamara,2024,29,NOR,RB,41,2,2,35,198,4,13,74.3,17,5.7,99.0,17.5,8,7,92,13.1,1,1,50.0,57,3.5,46.0,87.5%,11.5,42,6.9,290,5,0,,
Joshua Kelley,2020,23,LAC,RB,27,14,0,111,354,2,20,43.2,33,3.2,25.3,7.9,23,23,148,6.4,0,9,56.5,35,1.6,10.6,100.0%,6.4,134,3.7,502,2,2,3
Joshua Kelley,2021,24,LAC,RB,27,10,0,33,102,0,5,30.3,14,3.1,10.2,3.3,6,5,38,7.6,0,1,50.0,17,0.5,3.8,83.3%,6.3,38,3.7,140,0,1,1
Joshua Kelley,2022,25,LAC,RB,25,13,1,69,287,2,16,56.5,22,4.2,22.1,5.3,25,14,101,7.2,0,4,44.0,22,1.1,7.8,56.0%,4.0,83,4.7,388,2,0,3
Joshua Kelley,2023,26,LAC,RB,25,17,3,107,405,2,21,43.0,49,3.8,23.8,6.3,12,8,32,4.0,0,0,33.3,6,0.5,1.9,66.7%,2.7,115,3.8,437,2,1,3
John Kelly,2019,23,LAR,RB,42,4,0,3,9,0,,33.3,6,3.0,2.3,0.8,,,,,0,,,,,,,,3,3.0,9,0,0,0
John Kelly,2021,25,CLE,RB,41,4,0,2,13,0,1,50.0,11,6.5,3.3,0.5,,,,,0,,,,,,,,2,6.5,13,0,0,0
John Kelly,2022,26,CLE,RB,41,1,0,,,0,,,,,,,,,,,0,,,,,,,,,,,0,0,0
John Kelly,2023,27,CLE,RB,41,0,0,,,,,,,,,,,,,,,,,,,,,,,,,,,0
John Kelly,2024,28,BAL,RB,33,2,0,,,0,,,,,,,,,,,0,,,,,,,,,,,0,0,
Zonovan Knight,2022,21,NYJ,RB,27,7,4,85,300,1,14,38.8,48,3.5,42.9,12.1,14,13,100,7.7,0,5,71.4,16,1.9,14.3,92.9%,7.1,98,4.1,400,1,2,2
Zonovan Knight,2023,22,DET,RB,28,2,0,3,13,0,,33.3,8,4.3,6.5,1.5,1,1,8,8.0,0,,100.0,8,0.5,4.0,100.0%,8.0,4,5.3,21,0,0,0
Patrick Laird,2019,24,MIA,RB,42,15,4,62,168,1,9,30.6,18,2.7,11.2,4.1,30,23,204,8.9,0,13,50.0,21,1.5,13.6,76.7%,6.8,85,4.4,372,1,0,3
Patrick Laird,2020,25,MIA,RB,32,16,0,13,72,0,4,46.2,17,5.5,4.5,0.8,12,10,68,6.8,0,3,50.0,17,0.6,4.3,83.3%,5.7,23,6.1,140,0,1,1
Patrick Laird,2021,26,MIA,RB,32,6,0,1,4,0,0,100.0,4,4.0,0.7,0.2,3,3,17,5.7,0,2,66.7,10,0.5,2.8,100.0%,5.7,4,5.3,21,0,0,0
MarShawn Lloyd,2024,23,GNB,RB,32,1,0,6,15,0,,16.7,5,2.5,15.0,6.0,1,1,3,3.0,0,,0.0,3,1.0,3.0,100.0%,3.0,7,2.6,18,0,0,
Marlon Mack,2019,23,IND,RB,25,14,12,247,1091,8,67,51.0,63,4.4,77.9,17.6,17,14,82,5.9,0,2,47.1,14,1.0,5.9,82.4%,4.8,261,4.5,1173,8,0,8
Marlon Mack,2020,24,IND,RB,25,1,1,4,26,0,2,75.0,18,6.5,26.0,4.0,3,3,30,10.0,0,1,66.7,19,3.0,30.0,100.0%,10.0,7,8.0,56,0,0,0
Marlon Mack,2021,25,IND,RB,25,6,0,28,101,0,6,32.1,22,3.6,16.8,4.7,5,2,8,4.0,0,0,20.0,7,0.3,1.3,40.0%,1.6,30,3.6,109,0,0,1
Marlon Mack,2022,26,2TM,RB,,8,0,16,84,1,4,75.0,17,5.3,10.5,2.0,10,8,99,12.4,1,2,40.0,66,1.0,12.4,80.0%,9.9,24,7.6,183,2,0,1
Jordan Mason,2022,23,SFO,RB,24,16,0,43,258,1,10,58.1,55,6.0,16.1,2.7,,,,,0,,,,,,,,43,6.0,258,1,0,2
Jordan Mason,2023,24,SFO,RB,24,17,0,40,206,3,13,55.0,26,5.2,12.1,2.4,4,3,31,10.3,0,1,50.0,13,0.2,1.8,75.0%,7.8,43,5.5,237,3,0,2
Jordan Mason,2024,25,SFO,RB,24,2,2,48,247,2,12,52.1,24,5.1,123.5,24.0,2,2,9,4.5,0,2,100.0,5,1.0,4.5,100.0%,4.5,50,5.1,256,2,1,
Alexander Mattison,2019,21,MIN,RB,25,13,0,100,462,1,19,37.0,35,4.6,35.5,7.7,12,10,82,8.2,0,3,50.0,17,0.8,6.3,83.3%,6.8,110,4.9,544,1,1,4
Alexander Mattison,2020,22,MIN,RB,25,13,2,96,434,2,24,44.8,25,4.5,33.4,7.4,15,13,125,9.6,1,5,66.7,28,1.0,9.6,86.7%,8.3,109,5.1,559,3,0,4
Alexander Mattison,2021,23,MIN,RB,25,16,4,134,491,3,28,44.0,48,3.7,30.7,8.4,39,32,228,7.1,1,10,43.6,24,2.0,14.3,82.1%,5.8,166,4.3,719,4,1,5
Alexander Mattison,2022,24,MIN,RB,2,17,0,74,283,5,21,47.3,15,3.8,16.6,4.4,18,15,91,6.1,1,4,33.3,16,0.9,5.4,83.3%,5.1,89,4.2,374,6,0,2
Alexander Mattison,2023,25,MIN,RB,2,16,13,180,700,0,28,45.0,21,3.9,43.8,11.3,44,30,192,6.4,3,5,34.1,47,1.9,12.0,68.2%,4.4,210,4.2,892,3,3,5
Alexander Mattison,2024,26,LVR,RB,22,2,0,9,20,1,1,44.4,7,2.2,10.0,4.5,6,4,43,10.8,1,2,33.3,31,2.0,21.5,66.7%,7.2,13,4.8,63,2,0,
Christian McCaffrey,2019,23,CAR,RB,22,16,16,287,1387,15,57,46.3,84,4.8,86.7,17.9,142,116,1005,8.7,4,58,59.9,28,7.3,62.8,81.7%,7.1,403,5.9,2392,19,1,15,"AP OPoY-3,AP1,PB"
Christian McCaffrey,2020,24,CAR,RB,22,3,3,59,225,5,14,57.6,15,3.8,75.0,19.7,19,17,149,8.8,1,8,52.6,24,5.7,49.7,89.5%,7.8,76,4.9,374,6,0,3,
Christian McCaffrey,2021,25,CAR,RB,22,7,7,99,442,1,20,50.5,18,4.5,63.1,14.1,41,37,343,9.3,1,21,65.9,32,5.3,49.0,90.2%,8.4,136,5.8,785,2,1,5,
Christian McCaffrey,2022,26,2TM,RB,,17,16,244,1139,8,59,48.4,49,4.7,67.0,14.4,108,85,741,8.7,5,36,52.8,49,5.0,43.6,78.7%,6.9,329,5.7,1880,13,1,15,"AP OPoY-7,AP CPoY-2,PB"
Christian McCaffrey,2023,27,SFO,RB,23,16,16,272,1459,14,83,54.0,72,5.4,91.2,17.0,83,67,564,8.4,7,31,55.4,41,4.2,35.3,80.7%,6.8,339,6.0,2023,21,3,18,"AP OPoY-1,AP MVP-3,AP1,PB"
Anthony McFarland Jr.,2020,22,PIT,RB,26,11,0,33,113,0,4,36.4,20,3.4,10.3,3.0,9,6,54,9.0,0,1,55.6,17,0.5,4.9,66.7%,6.0,39,4.3,167,0,0,1
Anthony McFarland Jr.,2021,23,PIT,RB,26,2,0,3,3,0,0,0.0,3,1.0,1.5,1.5,1,1,11,11.0,0,1,100.0,11,0.5,5.5,100.0%,11.0,4,3.5,14,0,0,0
Anthony McFarland Jr.,2022,24,PIT,RB,26,1,0,6,30,0,3,66.7,14,5.0,30.0,6.0,2,2,11,5.5,0,1,50.0,12,2.0,11.0,100.0%,5.5,8,5.1,41,0,0,0
Anthony McFarland Jr.,2023,25,PIT,RB,26,3,0,,,0,,,,,,,2,2,11,5.5,0,1,100.0,6,0.7,3.7,100.0%,5.5,2,5.5,11,0,0,0
Jerick McKinnon,2020,28,SFO,RB,28,16,4,81,319,5,16,40.7,55,3.9,19.9,5.1,46,33,253,7.7,1,12,45.7,26,2.1,15.8,71.7%,5.5,114,5.0,572,6,0,4,
Jerick McKinnon,2021,29,KAN,RB,1,13,0,12,62,0,2,58.3,18,5.2,4.8,0.9,20,13,107,8.2,1,6,45.0,14,1.0,8.2,65.0%,5.4,25,6.8,169,1,0,1,
Jerick McKinnon,2022,30,KAN,RB,1,17,0,72,291,1,12,45.8,30,4.0,17.1,4.2,71,56,512,9.1,9,28,54.9,56,3.3,30.1,78.9%,7.2,128,6.3,803,10,1,7,AP CPoY-12
Jerick McKinnon,2023,31,KAN,RB,1,12,0,21,60,1,7,47.6,10,2.9,5.0,1.8,32,25,192,7.7,4,10,43.8,27,2.1,16.0,78.1%,6.0,46,5.5,252,5,0,2,
Jaleel McLaughlin,2023,23,DEN,RB,38,17,3,76,410,1,16,53.9,38,5.4,24.1,4.5,36,31,160,5.2,2,5,38.9,22,1.8,9.4,86.1%,4.4,107,5.3,570,3,0,4
Jaleel McLaughlin,2024,24,DEN,RB,38,2,0,13,33,0,3,30.8,15,2.5,16.5,6.5,5,5,1,0.2,0,0,0.0,3,2.5,0.5,100.0%,0.2,18,1.9,34,0,1,
Jeremy McNichols,2019,24,JAX,RB,34,1,0,,,0,,,,,,,,,,,0,,,,,,,,,,,0,,0
Jeremy McNichols,2020,25,TEN,RB,28,16,0,47,204,1,8,38.3,20,4.3,12.8,2.9,17,12,55,4.6,0,0,29.4,9,0.8,3.4,70.6%,3.2,59,4.4,259,1,0,2
Jeremy McNichols,2021,26,TEN,RB,28,14,0,41,156,0,6,41.5,14,3.8,11.1,2.9,38,28,240,8.6,1,11,39.5,27,2.0,17.1,73.7%,6.3,69,5.7,396,1,0,3
Jeremy McNichols,2023,28,SFO,RB,22,3,0,,,0,,,,,,,,,,,0,,,,,,,,,,,0,0,0
Jeremy McNichols,2024,29,WAS,RB,26,2,0,,,0,,,,,,,,,,,0,,,,,,,,,,,0,0,
Kendre Miller,2023,21,NOR,RB,25,8,0,41,156,1,10,39.0,18,3.8,19.5,5.1,11,10,117,11.7,0,5,54.5,33,1.3,14.6,90.9%,10.6,51,5.4,273,1,0,2
Jordan Mims,2023,24,NOR,RB,37,2,0,,,0,,,,,,,2,0,0,,0,,0.0,0,0.0,0.0,0.0%,0.0,,,,0,0,0
Jordan Mims,2024,25,NOR,RB,33,2,0,4,11,0,,25.0,5,2.8,5.5,2.0,,,,,0,,,,,,,,4,2.8,11,0,0,
Elijah Mitchell,2021,23,SFO,RB,25,11,10,207,963,5,47,49.8,39,4.7,87.5,18.8,20,19,137,7.2,1,6,50.0,14,1.7,12.5,95.0%,6.9,226,4.9,1100,6,0,7
Elijah Mitchell,2022,24,SFO,RB,25,5,1,45,279,2,15,71.1,37,6.2,55.8,9.0,4,3,7,2.3,0,0,50.0,5,0.6,1.4,75.0%,1.8,48,6.0,286,2,0,2
Elijah Mitchell,2023,25,SFO,RB,25,11,1,75,281,2,14,48.0,18,3.7,25.5,6.8,8,6,14,2.3,0,2,37.5,9,0.5,1.3,75.0%,1.8,81,3.6,295,2,0,2
Keaton Mitchell,2023,21,BAL,RB,34,8,2,47,396,2,19,68.1,60,8.4,49.5,5.9,11,9,93,10.3,0,5,63.6,32,1.1,11.6,81.8%,8.5,56,8.7,489,2,0,4
Joe Mixon,2019,23,CIN,RB,28,16,15,278,1137,5,56,45.3,41,4.1,71.1,17.4,45,35,287,8.2,3,14,51.1,33,2.2,17.9,77.8%,6.4,313,4.5,1424,8,0,7,
Joe Mixon,2020,24,CIN,RB,28,6,6,119,428,3,20,46.2,34,3.6,71.3,19.8,26,21,138,6.6,1,5,46.2,19,3.5,23.0,80.8%,5.3,140,4.0,566,4,1,3,
Joe Mixon,2021,25,CIN,RB,28,16,16,292,1205,13,60,49.7,32,4.1,75.3,18.3,48,42,314,7.5,3,11,43.8,52,2.6,19.6,87.5%,6.5,334,4.5,1519,16,2,10,PB
Joe Mixon,2022,26,CIN,RB,28,14,14,210,814,7,47,52.4,40,3.9,58.1,15.0,75,60,441,7.4,2,17,50.7,35,4.3,31.5,80.0%,5.9,270,4.6,1255,9,0,9,
Joe Mixon,2023,27,CIN,RB,28,17,17,257,1034,9,59,49.4,44,4.0,60.8,15.1,64,52,376,7.2,3,14,54.7,45,3.1,22.1,81.3%,5.9,309,4.6,1410,12,0,10,
Joe Mixon,2024,28,HOU,RB,28,2,2,39,184,1,10,51.3,16,4.7,92.0,19.5,8,6,44,7.3,0,2,50.0,11,3.0,22.0,75.0%,5.5,45,5.1,228,1,0,,
David Montgomery,2019,22,CHI,RB,32,16,8,242,889,6,50,43.4,55,3.7,55.6,15.1,35,25,185,7.4,1,7,42.9,30,1.6,11.6,71.4%,5.3,267,4.0,1074,7,2,6
David Montgomery,2020,23,CHI,RB,32,15,14,247,1070,8,59,46.2,80,4.3,71.3,16.5,68,54,438,8.1,2,25,55.9,28,3.6,29.2,79.4%,6.4,301,5.0,1508,10,1,10
David Montgomery,2021,24,CHI,RB,32,13,13,225,849,7,55,46.7,41,3.8,65.3,17.3,51,42,301,7.2,0,18,43.1,16,3.2,23.2,82.4%,5.9,267,4.3,1150,7,1,6
David Montgomery,2022,25,CHI,RB,32,16,16,201,801,5,41,44.8,28,4.0,50.1,12.6,40,34,316,9.3,1,10,50.0,32,2.1,19.8,85.0%,7.9,235,4.8,1117,6,2,8
David Montgomery,2023,26,DET,RB,5,14,14,219,1015,13,59,54.8,75,4.6,72.5,15.6,24,16,117,7.3,0,7,54.2,19,1.1,8.4,66.7%,4.9,235,4.8,1132,13,2,9
David Montgomery,2024,27,DET,RB,5,2,2,28,126,2,8,64.3,21,4.5,63.0,14.0,5,5,37,7.4,0,1,60.0,15,2.5,18.5,100.0%,7.4,33,4.9,163,2,0,
Zack Moss,2020,23,BUF,RB,20,13,0,112,481,4,30,50.9,31,4.3,37.0,8.6,18,14,95,6.8,1,5,55.6,20,1.1,7.3,77.8%,5.3,126,4.6,576,5,0,4
Zack Moss,2021,24,BUF,RB,20,13,0,96,345,4,22,49.0,17,3.6,26.5,7.4,32,23,197,8.6,1,12,53.1,24,1.8,15.2,71.9%,6.2,119,4.6,542,5,2,4
Zack Moss,2022,25,2TM,RB,,13,3,93,456,1,18,47.3,43,4.9,35.1,7.2,13,11,39,3.5,0,2,38.5,8,0.8,3.0,84.6%,3.0,104,4.8,495,1,1,3
Zack Moss,2023,26,IND,RB,21,14,8,183,794,5,43,49.2,56,4.3,56.7,13.1,37,27,192,7.1,2,10,35.1,26,1.9,13.7,73.0%,5.2,210,4.7,986,7,0,6
Zack Moss,2024,27,CIN,RB,31,2,2,21,78,1,6,47.6,16,3.7,39.0,10.5,5,3,30,10.0,0,2,40.0,13,1.5,15.0,60.0%,6.0,24,4.5,108,1,0,
Raheem Mostert,2019,27,SFO,RB,31,16,0,137,772,8,31,48.9,41,5.6,48.3,8.6,22,14,180,12.9,2,6,40.9,39,0.9,11.3,63.6%,8.2,151,6.3,952,10,2,8,
Raheem Mostert,2020,28,SFO,RB,31,8,8,104,521,2,22,49.0,80,5.0,65.1,13.0,19,16,156,9.8,1,5,52.6,76,2.0,19.5,84.2%,8.2,120,5.6,677,3,1,4,
Raheem Mostert,2021,29,SFO,RB,31,1,1,2,20,0,1,100.0,11,10.0,20.0,2.0,,,,,0,,,,,,,,2,10.0,20,0,0,0,
Raheem Mostert,2022,30,MIA,RB,31,16,14,181,891,3,44,55.2,67,4.9,55.7,11.3,42,31,202,6.5,2,11,47.6,25,1.9,12.6,73.8%,4.8,212,5.2,1093,5,1,7,
Raheem Mostert,2023,31,MIA,RB,31,15,15,209,1012,18,59,55.0,49,4.8,67.5,13.9,32,25,175,7.0,3,6,40.6,22,1.7,11.7,78.1%,5.5,234,5.1,1187,21,4,9,PB
Raheem Mostert,2024,32,MIA,RB,31,1,1,6,9,0,0,33.3,6,1.5,9.0,6.0,3,2,10,5.0,0,1,33.3,7,2.0,10.0,66.7%,3.3,8,2.4,19,0,0,,
Latavius Murray,2019,29,NOR,RB,28,16,8,146,637,5,38,57.5,30,4.4,39.8,9.1,43,34,235,6.9,1,9,48.8,30,2.1,14.7,79.1%,5.5,180,4.8,872,6,0,7,
Latavius Murray,2020,30,NOR,RB,28,15,7,146,656,4,36,59.6,36,4.5,43.7,9.7,26,23,176,7.7,1,8,50.0,25,1.5,11.7,88.5%,6.8,169,4.9,832,5,1,6,
Latavius Murray,2021,31,BAL,RB,28,14,6,119,501,6,36,58.0,46,4.2,35.8,8.5,13,10,75,7.5,0,2,53.8,18,0.7,5.4,76.9%,5.8,129,4.5,576,6,0,3,
Latavius Murray,2022,32,2TM,RB,,13,7,171,760,6,44,53.8,52,4.4,58.5,13.2,35,27,132,4.9,0,4,25.7,15,2.1,10.2,77.1%,3.8,198,4.5,892,6,1,4,
Latavius Murray,2023,33,BUF,RB,28,16,4,79,300,4,27,57.0,29,3.8,18.8,4.9,22,17,119,7.0,0,7,45.5,22,1.1,7.4,77.3%,5.4,96,4.4,419,4,1,3,
Kene Nwangwu,2021,23,MIN,RB,26,11,0,13,61,0,3,30.8,19,4.7,5.5,1.2,5,4,9,2.3,0,0,20.0,6,0.4,0.8,80.0%,1.8,17,4.1,70,0,0
Kene Nwangwu,2022,24,MIN,RB,26,17,0,9,14,0,1,33.3,8,1.6,0.8,0.5,2,2,21,10.5,0,1,100.0,16,0.1,1.2,100.0%,10.5,11,3.2,35,0,0
Kene Nwangwu,2023,25,MIN,RB,26,9,0,5,13,0,,40.0,8,2.6,1.4,0.6,,,,,0,,,,,,,,5,2.6,13,0,0
Dare Ogunbowale,2019,25,TAM,RB,44,16,0,11,17,2,3,36.4,12,1.5,1.1,0.7,46,35,286,8.2,0,14,45.7,21,2.2,17.9,76.1%,6.2,46,6.6,303,2,2,2
Dare Ogunbowale,2020,26,JAX,RB,33,14,2,32,145,0,6,37.5,25,4.5,10.4,2.3,20,10,54,5.4,0,4,20.0,12,0.7,3.9,50.0%,2.7,42,4.7,199,0,0,1
Dare Ogunbowale,2021,27,JAX,RB,33,17,2,43,137,1,5,37.2,12,3.2,8.1,2.5,21,13,114,8.8,1,3,33.3,28,0.8,6.7,61.9%,5.4,56,4.5,251,2,0,1
Dare Ogunbowale,2022,28,HOU,RB,33,17,4,42,123,1,10,42.9,11,2.9,7.2,2.5,26,20,104,5.2,0,5,34.6,23,1.2,6.1,76.9%,4.0,62,3.7,227,1,0,1
Dare Ogunbowale,2023,29,HOU,RB,33,12,0,8,35,0,2,37.5,17,4.4,2.9,0.7,7,2,18,9.0,0,0,0.0,14,0.2,1.5,28.6%,2.6,10,5.3,53,0,0,0
Dare Ogunbowale,2024,30,HOU,RB,33,2,0,2,3,0,0,0.0,3,1.5,1.5,1.0,3,3,23,7.7,0,1,33.3,13,1.5,11.5,100.0%,7.7,5,5.2,26,0,0,
Qadree Ollison,2019,23,ATL,RB,30,8,0,22,50,4,6,45.5,6,2.3,6.3,2.8,2,1,7,7.0,0,1,50.0,7,0.1,0.9,50.0%,3.5,23,2.5,57,4,1,0
Qadree Ollison,2020,24,ATL,RB,30,3,0,1,3,0,1,100.0,3,3.0,1.0,0.3,,,,,0,,,,,,,,1,3.0,3,0,0,0
Qadree Ollison,2021,25,ATL,RB,30,8,0,21,105,1,7,52.4,19,5.0,13.1,2.6,6,4,12,3.0,0,1,33.3,8,0.5,1.5,66.7%,2.0,25,4.7,117,1,1,1
Qadree Ollison,2022,26,DAL,RB,30,3,0,,,0,,,,,,,,,,,0,,,,,,,,,,,0,0,0
Qadree Ollison,2023,27,PIT,RB,41,2,0,,,0,,,,,,,,,,,0,,,,,,,,,,,0,0,0
Devine Ozigbo,2019,23,JAX,RB,33,10,0,9,27,0,1,44.4,9,3.0,2.7,0.9,5,3,23,7.7,0,1,60.0,12,0.3,2.3,60.0%,4.6,12,4.2,50,0,0,0
Devine Ozigbo,2020,24,JAX,RB,33,8,0,1,1,0,0,0.0,1,1.0,0.1,0.1,9,9,42,4.7,0,3,44.4,12,1.1,5.3,100.0%,4.7,10,4.3,43,0,0,0
Devine Ozigbo,2021,25,2TM,RB,,3,0,1,-3,0,0,0.0,0,-3.0,-1.0,0.3,1,1,7,7.0,0,1,100.0,7,0.3,2.3,100.0%,7.0,2,2.0,4,0,0,0
Devine Ozigbo,2022,26,DEN,RB,36,4,0,3,4,0,,33.3,4,1.3,1.0,0.8,1,1,3,3.0,0,,0.0,3,0.3,0.8,100.0%,3.0,4,1.8,7,0,0,0
Devine Ozigbo,2023,27,DET,RB,33,3,0,3,5,0,1,66.7,4,1.7,1.7,1.0,1,1,8,8.0,0,0,100.0,8,0.3,2.7,100.0%,8.0,4,3.3,13,0,0,0
Isiah Pacheco,2022,23,KAN,RB,10,17,11,170,830,5,37,57.1,31,4.9,48.8,10.0,14,13,130,10.0,0,7,64.3,32,0.8,7.6,92.9%,9.3,183,5.2,960,5,4,7,AP ORoY-10
Isiah Pacheco,2023,24,KAN,RB,10,14,13,205,935,7,53,50.7,48,4.6,66.8,14.6,49,44,244,5.5,2,12,44.9,33,3.1,17.4,89.8%,5.0,249,4.7,1179,9,1,8,
Isiah Pacheco,2024,25,KAN,RB,10,2,2,34,135,1,6,55.9,11,4.0,67.5,17.0,8,7,54,7.7,0,3,50.0,23,3.5,27.0,87.5%,6.8,41,4.6,189,1,0,,
Jacques Patrick,2021,24,SFO,RB,31,2,0,2,12,0,1,100.0,8,6.0,6.0,1.0,,,,,0,,,,,,,,2,6.0,12,0,0,0
Jaret Patterson,2021,22,WAS,RB,32,17,1,68,266,2,15,50.0,13,3.9,15.6,4.0,11,10,73,7.3,0,5,54.5,12,0.6,4.3,90.9%,6.6,78,4.3,339,2,1,2
Jaret Patterson,2022,23,WAS,RB,32,3,0,17,78,0,3,47.1,14,4.6,26.0,5.7,1,0,0,,0,0,0.0,0,0.0,0.0,0.0%,0.0,17,4.6,78,0,0,0
Rashaad Penny,2019,23,SEA,RB,20,10,0,65,370,3,16,52.3,58,5.7,37.0,6.5,11,8,83,10.4,1,3,54.5,30,0.8,8.3,72.7%,7.5,73,6.2,453,4,1,3
Rashaad Penny,2020,24,SEA,RB,20,3,0,11,34,0,1,54.5,7,3.1,11.3,3.7,,,,,0,,,,,,,,11,3.1,34,0,0,0
Rashaad Penny,2021,25,SEA,RB,20,10,6,119,749,6,28,46.2,62,6.3,74.9,11.9,8,6,48,8.0,0,3,37.5,27,0.6,4.8,75.0%,6.0,125,6.4,797,6,0,5
Rashaad Penny,2022,26,SEA,RB,20,5,5,57,346,2,15,47.4,41,6.1,69.2,11.4,5,4,16,4.0,0,2,60.0,6,0.8,3.2,80.0%,3.2,61,5.9,362,2,1,2
Rashaad Penny,2023,27,PHI,RB,23,3,0,11,33,0,1,45.5,7,3.0,11.0,3.7,1,1,5,5.0,0,0,100.0,5,0.3,1.7,100.0%,5.0,12,3.2,38,0,0,0
La'Mical Perine,2020,22,NYJ,RB,22,10,0,64,232,2,18,43.8,20,3.6,23.2,6.4,15,11,63,5.7,0,3,46.7,14,1.1,6.3,73.3%,4.2,75,3.9,295,2,0,2
La'Mical Perine,2021,23,NYJ,RB,22,4,0,8,31,0,1,25.0,14,3.9,7.8,2.0,,,,,0,,,,,,,,8,3.9,31,0,0,0
La'Mical Perine,2023,25,KAN,RB,29,3,1,22,77,0,3,40.9,10,3.5,25.7,7.3,5,3,33,11.0,0,1,20.0,25,1.0,11.0,60.0%,6.6,25,4.4,110,0,0,1
Samaje Perine,2019,24,2TM,RB,,7,0,5,16,0,1,40.0,9,3.2,2.3,0.7,,,,,0,,,,,,,,5,3.2,16,0,0,0
Samaje Perine,2020,25,CIN,RB,34,16,1,63,301,3,16,41.3,46,4.8,18.8,3.9,12,11,66,6.0,0,4,50.0,15,0.7,4.1,91.7%,5.5,74,5.0,367,3,0,2
Samaje Perine,2021,26,CIN,RB,34,16,0,55,246,1,11,41.8,46,4.5,15.4,3.4,31,27,196,7.3,1,9,35.5,23,1.7,12.3,87.1%,6.3,82,5.4,442,2,0,3
Samaje Perine,2022,27,CIN,RB,34,16,2,95,394,2,19,49.5,29,4.1,24.6,5.9,51,38,287,7.6,4,11,41.2,32,2.4,17.9,74.5%,5.6,133,5.1,681,6,0,6
Samaje Perine,2023,28,DEN,RB,25,17,1,53,238,1,14,50.9,24,4.5,14.0,3.1,56,50,455,9.1,0,23,67.9,29,2.9,26.8,89.3%,8.1,103,6.7,693,1,3,6
Samaje Perine,2024,29,KAN,RB,34,2,0,,,0,,,,,,,3,2,13,6.5,0,1,33.3,10,1.0,6.5,66.7%,4.3,2,6.5,13,0,0,
Dameon Pierce,2022,22,HOU,RB,31,13,13,220,939,4,54,47.7,75,4.3,72.2,16.9,39,30,165,5.5,1,7,43.6,16,2.3,12.7,76.9%,4.2,250,4.4,1104,5,4,6,AP ORoY-9
Dameon Pierce,2023,23,HOU,RB,31,14,7,145,416,2,14,37.9,22,2.9,29.7,10.4,17,13,101,7.8,0,3,52.9,27,0.9,7.2,76.5%,5.9,158,3.3,517,2,0,4,
Dameon Pierce,2024,24,HOU,RB,31,1,0,3,16,0,1,100.0,9,5.3,16.0,3.0,,,,,0,,,,,,,,3,5.3,16,0,0,,
Tony Pollard,2019,22,DAL,RB,20,15,0,86,455,2,21,50.0,44,5.3,30.3,5.7,20,15,107,7.1,1,4,40.0,21,1.0,7.1,75.0%,5.4,101,5.6,562,3,1,3,
Tony Pollard,2020,23,DAL,RB,20,16,2,101,435,4,23,45.5,42,4.3,27.2,6.3,40,28,193,6.9,1,9,42.5,30,1.8,12.1,70.0%,4.8,129,4.9,628,5,0,4,
Tony Pollard,2021,24,DAL,RB,20,15,0,130,719,2,35,53.8,58,5.5,47.9,8.7,46,39,337,8.6,0,15,58.7,32,2.6,22.5,84.8%,7.3,169,6.2,1056,2,2,8,
Tony Pollard,2022,25,DAL,RB,20,16,4,193,1007,9,46,47.7,57,5.2,62.9,12.1,55,39,371,9.5,3,18,47.3,68,2.4,23.2,70.9%,6.7,232,5.9,1378,12,0,11,PB
Tony Pollard,2023,26,DAL,RB,20,17,17,252,1005,6,56,50.0,31,4.0,59.1,14.8,67,55,311,5.7,0,12,43.3,60,3.2,18.3,82.1%,4.6,307,4.3,1316,6,3,11,
Tony Pollard,2024,27,TEN,RB,20,2,2,33,144,1,8,45.5,26,4.4,72.0,16.5,10,8,52,6.5,0,2,50.0,22,4.0,26.0,80.0%,5.2,41,4.8,196,1,0,,
Adam Prentice,2021,24,NOR,FB,46,7,3,3,5,0,2,66.7,2,1.7,0.7,0.4,3,3,16,5.3,0,1,33.3,10,0.4,2.3,100.0%,5.3,6,3.5,21,0,0,0
Adam Prentice,2022,25,NOR,FB,46,11,2,4,9,0,3,75.0,3,2.3,0.8,0.4,3,3,9,3.0,0,1,33.3,4,0.3,0.8,100.0%,3.0,7,2.6,18,0,1,0
Adam Prentice,2023,26,NOR,FB,46,13,1,2,12,0,1,100.0,7,6.0,0.9,0.2,3,2,12,6.0,0,0,33.3,7,0.2,0.9,66.7%,4.0,4,6.0,24,0,1,0
Adam Prentice,2024,27,NOR,FB,46,2,0,,,0,,,,,,,1,0,0,,0,,0.0,0,0.0,0.0,0.0%,0.0,,,,0,0,
Craig Reynolds,2019,23,WAS,RB,48,3,0,,,0,,,,,,,,,,,0,,,,,,,,,,,0,,0
Craig Reynolds,2020,24,JAX,RB,48,2,0,1,4,0,,100.0,4,4.0,2.0,0.5,1,1,3,3.0,0,,0.0,3,0.5,1.5,100.0%,3.0,2,3.5,7,0,0,0
Craig Reynolds,2021,25,DET,RB,46,5,2,55,230,0,11,43.6,35,4.2,46.0,11.0,8,7,52,7.4,0,3,62.5,14,1.4,10.4,87.5%,6.5,62,4.5,282,0,0,2
Craig Reynolds,2022,26,DET,RB,46,9,0,23,102,0,4,39.1,21,4.4,11.3,2.6,10,9,116,12.9,0,5,70.0,36,1.0,12.9,90.0%,11.6,32,6.8,218,0,0,2
Craig Reynolds,2023,27,DET,RB,13,17,0,41,179,1,11,43.9,19,4.4,10.5,2.4,5,5,47,9.4,0,2,60.0,28,0.3,2.8,100.0%,9.4,46,4.9,226,1,2,2
Craig Reynolds,2024,28,DET,RB,13,2,0,,,0,,,,,,,,,,,0,,,,,,,,,,,0,0,
Ronnie Rivers,2022,23,LAR,RB,30,8,1,9,21,0,1,44.4,5,2.3,2.6,1.1,5,5,29,5.8,0,1,80.0,14,0.6,3.6,100.0%,5.8,14,3.6,50,0,0,0
Ronnie Rivers,2023,24,LAR,RB,20,9,1,32,129,0,4,50.0,10,4.0,14.3,3.6,5,5,22,4.4,0,0,40.0,10,0.6,2.4,100.0%,4.4,37,4.1,151,0,0,1
Ronnie Rivers,2024,25,LAR,RB,20,2,0,2,16,0,2,100.0,12,8.0,8.0,1.0,1,1,0,0.0,0,0,0.0,0,0.5,0.0,100.0%,0.0,3,5.3,16,0,0,
Bijan Robinson,2023,21,ATL,RB,7,17,16,214,976,4,50,43.5,38,4.6,57.4,12.6,86,58,487,8.4,4,24,45.3,71,3.4,28.6,67.4%,5.7,272,5.4,1463,8,4,9,AP ORoY-5
Bijan Robinson,2024,22,ATL,RB,7,2,2,32,165,0,10,59.4,19,5.2,82.5,16.0,10,9,68,7.6,0,4,70.0,14,4.5,34.0,90.0%,6.8,41,5.7,233,0,0,,
Brian Robinson Jr.,2022,23,WAS,RB,8,12,9,205,797,2,49,52.7,24,3.9,66.4,17.1,12,9,60,6.7,1,3,50.0,18,0.8,5.0,75.0%,5.0,214,4.0,857,3,2,3
Brian Robinson Jr.,2023,24,WAS,RB,8,15,15,178,733,5,47,47.8,29,4.1,48.9,11.9,43,36,368,10.2,4,15,53.5,51,2.4,24.5,83.7%,8.6,214,5.1,1101,9,4,7
Brian Robinson Jr.,2024,25,WAS,RB,8,2,2,29,173,1,9,48.3,40,6.0,86.5,14.5,7,4,52,13.0,0,1,28.6,32,2.0,26.0,57.1%,7.4,33,6.8,225,1,0,
James Robinson,2020,22,JAX,RB,30,14,14,240,1070,7,54,49.6,47,4.5,76.4,17.1,60,49,344,7.0,3,15,48.3,28,3.5,24.6,81.7%,5.7,289,4.9,1414,10,3,8
James Robinson,2021,23,JAX,RB,25,14,13,164,767,8,41,50.0,58,4.7,54.8,11.7,46,31,222,7.2,0,9,41.3,26,2.2,15.9,67.4%,4.8,195,5.1,989,8,4,5
James Robinson,2022,24,2TM,RB,,11,5,110,425,3,22,35.5,50,3.9,38.6,10.0,14,11,51,4.6,2,5,50.0,10,1.0,4.6,78.6%,3.6,121,3.9,476,5,1,3
James Robinson,2023,25,GNB,RB,32,1,0,1,2,0,,0.0,2,2.0,2.0,1.0,1,1,-2,-2.0,0,,0.0,-2,1.0,-2.0,100.0%,-2.0,2,0.0,,0,0,0
Chris Rodriguez,2023,23,WAS,RB,23,13,0,51,247,2,14,47.1,16,4.8,19.0,3.9,2,2,12,6.0,0,1,100.0,7,0.2,0.9,100.0%,6.0,53,4.9,259,2,1,2
Miles Sanders,2019,22,PHI,RB,26,16,11,179,818,3,30,44.7,65,4.6,51.1,11.2,63,50,509,10.2,3,19,49.2,45,3.1,31.8,79.4%,8.1,229,5.8,1327,6,2,8,AP ORoY-4
Miles Sanders,2020,23,PHI,RB,26,12,11,164,867,6,39,54.9,82,5.3,72.3,13.7,52,28,197,7.0,0,8,34.6,28,2.3,16.4,53.8%,3.8,192,5.5,1064,6,4,6,
Miles Sanders,2021,24,PHI,RB,26,12,12,137,754,0,33,59.1,38,5.5,62.8,11.4,34,26,158,6.1,0,6,38.2,25,2.2,13.2,76.5%,4.6,163,5.6,912,0,1,7,
Miles Sanders,2022,25,PHI,RB,26,17,15,259,1269,11,62,56.8,40,4.9,74.6,15.2,26,20,78,3.9,0,2,46.2,16,1.2,4.6,76.9%,3.0,279,4.8,1347,11,2,10,PB
Miles Sanders,2023,26,CAR,RB,6,16,5,129,432,1,24,40.3,48,3.3,27.0,8.1,41,27,154,5.7,0,8,39.0,14,1.7,9.6,65.9%,3.8,156,3.8,586,1,2,3,
Miles Sanders,2024,27,CAR,RB,6,2,0,12,42,0,1,41.7,8,3.5,21.0,6.0,5,3,5,1.7,0,0,0.0,5,1.5,2.5,60.0%,1.0,15,3.1,47,0,0,,
Boston Scott,2019,24,PHI,RB,35,11,2,61,245,5,17,52.5,25,4.0,22.3,5.5,26,24,204,8.5,0,10,61.5,39,2.2,18.5,92.3%,7.8,85,5.3,449,5,4,3
Boston Scott,2020,25,PHI,RB,35,16,4,80,374,1,16,48.8,56,4.7,23.4,5.0,36,25,212,8.5,1,8,41.7,18,1.6,13.3,69.4%,5.9,105,5.6,586,2,2,3
Boston Scott,2021,26,PHI,RB,35,16,4,87,373,7,24,56.3,23,4.3,23.3,5.4,16,13,83,6.4,0,3,37.5,19,0.8,5.2,81.3%,5.2,100,4.6,456,7,1,3
Boston Scott,2022,27,PHI,RB,35,15,2,54,217,3,12,46.3,21,4.0,14.5,3.6,6,5,15,3.0,0,0,16.7,5,0.3,1.0,83.3%,2.5,59,3.9,232,3,0,2
Boston Scott,2023,28,PHI,RB,35,15,0,20,86,0,5,50.0,18,4.3,5.7,1.3,6,4,52,13.0,0,2,33.3,27,0.3,3.5,66.7%,8.7,24,5.8,138,0,1,1
Trey Sermon,2021,22,SFO,RB,28,9,2,41,167,1,9,56.1,16,4.1,18.6,4.6,4,3,26,8.7,0,1,25.0,23,0.3,2.9,75.0%,6.5,44,4.4,193,1,0,1
Trey Sermon,2022,23,PHI,RB,34,2,0,2,19,0,2,100.0,14,9.5,9.5,1.0,,,,,0,,,,,,,,2,9.5,19,0,0,0
Trey Sermon,2023,24,IND,RB,27,14,0,35,160,0,7,45.7,27,4.6,11.4,2.5,6,3,13,4.3,0,0,33.3,7,0.2,0.9,50.0%,2.2,38,4.6,173,0,0,1
Trey Sermon,2024,25,IND,RB,27,2,0,2,0,0,,0.0,4,0.0,0.0,1.0,1,1,7,7.0,0,,0.0,7,0.5,3.5,100.0%,7.0,3,2.3,7,0,0,
Devin Singletary,2019,22,BUF,RB,26,12,8,151,775,2,37,49.0,38,5.1,64.6,12.6,41,29,194,6.7,2,5,29.3,49,2.4,16.2,70.7%,4.7,180,5.4,969,4,4,6
Devin Singletary,2020,23,BUF,RB,26,16,16,156,687,2,40,47.4,51,4.4,42.9,9.8,50,38,269,7.1,0,8,56.0,34,2.4,16.8,76.0%,5.4,194,4.9,956,2,1,7
Devin Singletary,2021,24,BUF,RB,26,17,16,188,870,7,44,47.3,46,4.6,51.2,11.1,50,40,228,5.7,1,11,48.0,19,2.4,13.4,80.0%,4.6,228,4.8,1098,8,5,8
Devin Singletary,2022,25,BUF,RB,26,16,16,177,819,5,43,52.5,33,4.6,51.2,11.1,52,38,280,7.4,1,15,53.8,22,2.4,17.5,73.1%,5.4,215,5.1,1099,6,3,9
Devin Singletary,2023,26,HOU,RB,26,17,10,216,898,4,41,47.7,24,4.2,52.8,12.7,38,30,193,6.4,0,7,36.8,41,1.8,11.4,78.9%,5.1,246,4.4,1091,4,1,7
Devin Singletary,2024,27,NYG,RB,26,2,2,26,132,1,5,50.0,22,5.1,66.0,13.0,6,5,15,3.0,0,1,16.7,12,2.5,7.5,83.3%,2.5,31,4.7,147,1,1,
Tyjae Spears,2023,22,TEN,RB,32,17,1,100,453,2,24,44.0,23,4.5,26.6,5.9,70,52,385,7.4,1,17,34.3,48,3.1,22.6,74.3%,5.5,152,5.5,838,3,1,6
Tyjae Spears,2024,23,TEN,RB,2,2,0,10,41,0,4,50.0,11,4.1,20.5,5.0,6,6,22,3.7,0,1,33.3,6,3.0,11.0,100.0%,3.7,16,3.9,63,0,0,
Isaiah Spiller,2022,21,LAC,RB,28,6,0,18,41,0,2,22.2,11,2.3,6.8,3.0,3,3,13,4.3,0,0,33.3,8,0.5,2.2,100.0%,4.3,21,2.6,54,0,0,0
Isaiah Spiller,2023,22,LAC,RB,28,9,0,37,96,0,1,32.4,8,2.6,10.7,4.1,6,6,34,5.7,0,1,66.7,10,0.7,3.8,100.0%,5.7,43,3.0,130,0,0,1
Carson Steele,2024,22,KAN,FB,42,2,0,9,27,0,4,55.6,9,3.0,13.5,4.5,,,,,0,,,,,,,,9,3.0,27,0,1,
Rhamondre Stevenson,2021,23,NWE,RB,38,12,2,133,606,5,33,57.9,21,4.6,50.5,11.1,18,14,123,8.8,0,3,50.0,41,1.2,10.3,77.8%,6.8,147,5.0,729,5,2,5
Rhamondre Stevenson,2022,24,NWE,RB,38,17,7,210,1040,5,49,45.7,49,5.0,61.2,12.4,88,69,421,6.1,1,13,39.8,40,4.1,24.8,78.4%,4.8,279,5.2,1461,6,4,9
Rhamondre Stevenson,2023,25,NWE,RB,38,12,12,156,619,4,36,49.4,64,4.0,51.6,13.0,51,38,238,6.3,0,8,35.3,34,3.2,19.8,74.5%,4.7,194,4.4,857,4,1,4
Rhamondre Stevenson,2024,26,NWE,RB,38,2,2,46,201,2,11,50.0,18,4.4,100.5,23.0,8,5,15,3.0,0,0,25.0,7,2.5,7.5,62.5%,1.9,51,4.2,216,2,2,
Pierre Strong,2022,24,NWE,RB,35,15,0,10,100,1,5,70.0,44,10.0,6.7,0.7,7,7,42,6.0,0,3,42.9,16,0.5,2.8,100.0%,6.0,17,8.4,142,1,0,1
Pierre Strong,2023,25,CLE,RB,20,17,1,63,291,1,10,50.8,40,4.6,17.1,3.7,8,5,47,9.4,0,1,25.0,41,0.3,2.8,62.5%,5.9,68,5.0,338,1,1,2
Pierre Strong,2024,26,CLE,RB,20,2,0,3,5,0,1,33.3,6,1.7,2.5,1.5,5,3,30,10.0,0,1,20.0,20,1.5,15.0,60.0%,6.0,6,5.8,35,0,0,
D'Andre Swift,2020,21,DET,RB,32,13,4,114,521,8,31,54.4,54,4.6,40.1,8.8,57,46,357,7.8,2,15,47.4,26,3.5,27.5,80.7%,6.3,160,5.5,878,10,3,6,
D'Andre Swift,2021,22,DET,RB,32,13,4,151,617,5,28,36.4,57,4.1,47.5,11.6,78,62,452,7.3,2,18,48.7,63,4.8,34.8,79.5%,5.8,213,5.0,1069,7,2,7,
D'Andre Swift,2022,23,DET,RB,32,14,8,99,542,5,21,47.5,50,5.5,38.7,7.1,70,48,389,8.1,3,17,38.6,25,3.4,27.8,68.6%,5.6,147,6.3,931,8,1,8,
D'Andre Swift,2023,24,PHI,RB,0,16,15,229,1049,5,50,54.1,43,4.6,65.6,14.3,49,39,214,5.5,1,8,42.9,20,2.4,13.4,79.6%,4.4,268,4.7,1263,6,3,10,PB
D'Andre Swift,2024,25,CHI,RB,4,2,2,24,48,0,1,33.3,20,2.0,24.0,12.0,6,4,24,6.0,0,0,50.0,14,2.0,12.0,66.7%,4.0,28,2.6,72,0,0,,
Jonathan Taylor,2020,21,IND,RB,28,15,13,232,1169,11,69,52.2,62,5.0,77.9,15.5,39,36,299,8.3,1,12,51.3,39,2.4,19.9,92.3%,7.7,268,5.5,1468,12,1,11,
Jonathan Taylor,2021,22,IND,RB,28,17,17,332,1811,18,107,55.4,83,5.5,106.5,19.5,51,40,360,9.0,2,12,43.1,76,2.4,21.2,78.4%,7.1,372,5.8,2171,20,4,17,"AP OPoY-2,AP1,PB"
Jonathan Taylor,2022,23,IND,RB,28,11,11,192,861,4,39,48.4,66,4.5,78.3,17.5,40,28,143,5.1,0,4,32.5,19,2.5,13.0,70.0%,3.6,220,4.6,1004,4,3,5,
Jonathan Taylor,2023,24,IND,RB,28,10,7,169,741,7,42,49.1,49,4.4,74.1,16.9,23,19,153,8.1,1,5,43.5,40,1.9,15.3,82.6%,6.7,188,4.8,894,8,1,6,
Jonathan Taylor,2024,25,IND,RB,28,2,2,28,151,1,10,50.0,29,5.4,75.5,14.0,4,2,32,16.0,0,2,50.0,18,1.0,16.0,50.0%,8.0,30,6.1,183,1,1,,
Patrick Taylor,2021,23,GNB,RB,27,9,0,23,89,1,5,60.9,12,3.9,9.9,2.6,2,2,3,1.5,0,1,50.0,3,0.2,0.3,100.0%,1.5,25,3.7,92,1,0,1
Patrick Taylor,2022,24,GNB,RB,27,14,0,10,31,0,2,40.0,6,3.1,2.2,0.7,1,1,17,17.0,0,1,100.0,17,0.1,1.2,100.0%,17.0,11,4.4,48,0,0,0
Patrick Taylor,2023,25,GNB,RB,27,11,0,32,141,0,7,46.9,24,4.4,12.8,2.9,17,11,49,4.5,0,4,29.4,16,1.0,4.5,64.7%,2.9,43,4.4,190,0,0,1
Patrick Taylor,2024,26,SFO,RB,32,2,0,,,0,,,,,,,,,,,0,,,,,,,,,,,0,0,
Tyrone Tracy,2024,25,NYG,RB,29,2,0,3,4,0,,0.0,2,1.3,2.0,1.5,3,1,5,5.0,0,,33.3,5,0.5,2.5,33.3%,1.7,4,2.3,9,0,0,
Sean Tucker,2023,22,TAM,RB,44,11,0,15,23,0,1,26.7,7,1.5,2.1,1.4,2,2,9,4.5,0,0,50.0,6,0.2,0.8,100.0%,4.5,17,1.9,32,0,0,0
Sean Tucker,2024,23,TAM,RB,44,2,0,,,0,,,,,,,,,,,0,,,,,,,,,,,0,0,
Deuce Vaughn,2023,22,DAL,RB,42,7,0,23,40,0,1,8.7,13,1.7,5.7,3.3,7,7,40,5.7,0,1,42.9,11,1.0,5.7,100.0%,5.7,30,2.7,80,0,0,1
Deuce Vaughn,2024,23,DAL,RB,42,2,0,5,15,0,,20.0,4,3.0,7.5,2.5,1,1,6,6.0,0,,0.0,6,0.5,3.0,100.0%,6.0,6,3.5,21,0,0,
Ke'Shawn Vaughn,2020,23,TAM,RB,30,10,0,26,109,0,5,42.3,19,4.2,10.9,2.6,10,5,34,6.8,1,2,30.0,13,0.5,3.4,50.0%,3.4,31,4.6,143,1,1,1
Ke'Shawn Vaughn,2021,24,TAM,RB,21,12,1,36,180,2,9,50.0,55,5.0,15.0,3.0,8,4,26,6.5,0,1,50.0,8,0.3,2.2,50.0%,3.3,40,5.2,206,2,0,1
Ke'Shawn Vaughn,2022,25,TAM,RB,21,15,0,17,53,0,3,52.9,12,3.1,3.5,1.1,4,3,19,6.3,0,1,25.0,11,0.2,1.3,75.0%,4.8,20,3.6,72,0,0,0
Ke'Shawn Vaughn,2023,26,TAM,RB,21,6,0,24,42,0,,20.8,9,1.8,7.0,4.0,5,2,2,1.0,0,,0.0,3,0.3,0.3,40.0%,0.4,26,1.7,44,0,0,0
Kenneth Walker III,2022,22,SEA,RB,9,15,11,228,1050,9,51,39.9,74,4.6,70.0,15.2,35,27,165,6.1,0,6,37.1,33,1.8,11.0,77.1%,4.7,255,4.8,1215,9,0,8,AP ORoY-2
Kenneth Walker III,2023,23,SEA,RB,9,15,15,219,905,8,46,46.6,45,4.1,60.3,14.6,37,29,259,8.9,1,9,43.2,64,1.9,17.3,78.4%,7.0,248,4.7,1164,9,1,8,
Kenneth Walker III,2024,24,SEA,RB,9,1,1,20,103,1,4,45.0,23,5.2,103.0,20.0,3,2,6,3.0,0,1,33.3,8,2.0,6.0,66.7%,2.0,22,5.0,109,1,0,,
Austin Walter,2019,23,NYG,RB,20,1,0,,,0,,,,,,,,,,,0,,,,,,,,,,,0,,0
Austin Walter,2020,24,SFO,RB,48,4,0,1,3,0,0,0.0,3,3.0,0.8,0.3,1,1,27,27.0,0,1,100.0,27,0.3,6.8,100.0%,27.0,2,15.0,30,0,0,0
Austin Walter,2021,25,NYJ,RB,35,4,0,26,101,1,5,42.3,14,3.9,25.3,6.5,3,2,9,4.5,0,1,33.3,11,0.5,2.3,66.7%,3.0,28,3.9,110,1,0,1
Jonathan Ward,2020,23,ARI,RB,38,14,0,,,0,,,,,,,1,1,11,11.0,1,1,100.0,11,0.1,0.8,100.0%,11.0,1,11.0,11,1,0,0
Jonathan Ward,2021,24,ARI,RB,29,13,0,9,33,0,3,44.4,7,3.7,2.5,0.7,4,3,34,11.3,0,1,50.0,23,0.2,2.6,75.0%,8.5,12,5.6,67,0,0,1
Jonathan Ward,2022,25,2TM,RB,,8,0,5,25,0,2,60.0,12,5.0,3.1,0.6,3,2,7,3.5,0,1,66.7,4,0.3,0.9,66.7%,2.3,7,4.6,32,0,0,0
Jonathan Ward,2023,26,TEN,RB,20,7,0,3,11,0,1,33.3,8,3.7,1.6,0.4,,,,,0,,,,,,,,3,3.7,11,0,0,0
Jaylen Warren,2022,24,PIT,RB,30,16,0,77,379,1,20,53.2,31,4.9,23.7,4.8,33,28,214,7.6,0,14,51.5,26,1.8,13.4,84.8%,6.5,105,5.6,593,1,1,4
Jaylen Warren,2023,25,PIT,RB,30,17,0,149,784,4,36,49.7,74,5.3,46.1,8.8,74,61,370,6.1,0,19,44.6,30,3.6,21.8,82.4%,5.0,210,5.5,1154,4,4,7
Jaylen Warren,2024,26,PIT,RB,30,2,0,11,49,0,2,36.4,11,4.5,24.5,5.5,4,4,32,8.0,0,1,50.0,12,2.0,16.0,100.0%,8.0,15,5.4,81,0,0,
Dwayne Washington,2019,25,NOR,RB,27,16,0,8,60,0,2,50.0,31,7.5,3.8,0.5,1,1,6,6.0,0,0,100.0,6,0.1,0.4,100.0%,6.0,9,7.3,66,0,0,1
Dwayne Washington,2020,26,NOR,RB,24,11,0,8,15,0,,12.5,5,1.9,1.4,0.7,,,,,0,,,,,,,,8,1.9,15,0,0,0
Dwayne Washington,2021,27,NOR,RB,24,14,0,4,16,0,,50.0,5,4.0,1.1,0.3,2,2,12,6.0,0,,50.0,6,0.1,0.9,100.0%,6.0,6,4.7,28,0,0,0
Dwayne Washington,2022,28,NOR,RB,24,12,0,11,38,0,2,45.5,8,3.5,3.2,0.9,1,1,7,7.0,0,0,100.0,7,0.1,0.6,100.0%,7.0,12,3.8,45,0,0,0
Dwayne Washington,2023,29,DEN,RB,39,13,0,,,0,,,,,,,,,,,0,,,,,,,,,,,0,0,0
Rachaad White,2022,23,TAM,RB,1,17,8,129,481,1,27,49.6,35,3.7,28.3,7.6,58,50,290,5.8,2,13,53.4,20,2.9,17.1,86.2%,5.0,179,4.3,771,3,3,4
Rachaad White,2023,24,TAM,RB,1,17,17,272,990,6,46,40.8,38,3.6,58.2,16.0,70,64,549,8.6,3,23,54.3,43,3.8,32.3,91.4%,7.8,336,4.6,1539,9,3,10
Rachaad White,2024,25,TAM,RB,1,2,2,25,49,0,1,32.0,15,2.0,24.5,12.5,7,7,80,11.4,0,2,57.1,32,3.5,40.0,100.0%,11.4,32,4.0,129,0,0,
Zamir White,2022,23,LVR,RB,35,14,0,17,70,0,4,41.2,22,4.1,5.0,1.2,,,,,0,,,,,,,,17,4.1,70,0,0,0
Zamir White,2023,24,LVR,RB,35,17,4,104,451,1,19,51.0,43,4.3,26.5,6.1,19,15,98,6.5,0,4,52.6,15,0.9,5.8,78.9%,5.2,119,4.6,549,1,1,4
Zamir White,2024,25,LVR,RB,3,2,2,22,68,0,1,27.3,12,3.1,34.0,11.0,6,5,16,3.2,0,1,16.7,11,2.5,8.0,83.3%,2.7,27,3.1,84,0,1,
Damien Williams,2019,27,KAN,RB,26,11,6,111,498,5,22,46.8,91,4.5,45.3,10.1,37,30,213,7.1,2,10,43.2,32,2.7,19.4,81.1%,5.8,141,5.0,711,7,1,6
Damien Williams,2021,29,CHI,RB,8,12,2,40,164,2,11,52.5,23,4.1,13.7,3.3,23,16,103,6.4,1,3,30.4,23,1.3,8.6,69.6%,4.5,56,4.8,267,3,0,2
Damien Williams,2022,30,ATL,RB,6,1,1,2,2,0,,0.0,2,1.0,2.0,2.0,,,,,0,,,,,,,,2,1.0,2,0,0,0
Damien Williams,2023,31,ARI,RB,29,3,0,11,43,0,1,54.5,9,3.9,14.3,3.7,2,2,12,6.0,0,0,50.0,8,0.7,4.0,100.0%,6.0,13,4.2,55,0,0,0
Jamaal Williams,2019,24,GNB,RB,30,14,2,107,460,1,23,49.5,45,4.3,32.9,7.6,45,39,253,6.5,5,16,53.3,17,2.8,18.1,86.7%,5.6,146,4.9,713,6,0,5
Jamaal Williams,2020,25,GNB,RB,30,14,3,119,505,2,29,55.5,25,4.2,36.1,8.5,35,31,236,7.6,1,11,51.4,29,2.2,16.9,88.6%,6.7,150,4.9,741,3,0,7
Jamaal Williams,2021,26,DET,RB,30,13,11,153,601,3,42,54.2,20,3.9,46.2,11.8,28,26,157,6.0,0,6,60.7,15,2.0,12.1,92.9%,5.6,179,4.2,758,3,1,5
Jamaal Williams,2022,27,DET,RB,30,17,9,262,1066,17,65,53.1,58,4.1,62.7,15.4,16,12,73,6.1,0,4,37.5,17,0.7,4.3,75.0%,4.6,274,4.2,1139,17,3,8
Jamaal Williams,2023,28,NOR,RB,21,13,4,106,306,1,19,39.6,17,2.9,23.5,8.2,20,18,62,3.4,0,1,30.0,12,1.4,4.8,90.0%,3.1,124,3.0,368,1,1,2
Jamaal Williams,2024,29,NOR,RB,21,2,0,19,77,1,6,57.9,14,4.1,38.5,9.5,1,1,13,13.0,0,1,100.0,13,0.5,6.5,100.0%,13.0,20,4.5,90,1,0,
Javonte Williams,2021,21,DEN,RB,33,17,1,203,903,4,52,46.3,49,4.4,53.1,11.9,53,43,316,7.3,3,12,37.7,42,2.5,18.6,81.1%,6.0,246,5.0,1219,7,2,8
Javonte Williams,2022,22,DEN,RB,33,4,4,47,204,0,9,48.9,17,4.3,51.0,11.8,22,16,76,4.8,0,4,31.8,13,4.0,19.0,72.7%,3.5,63,4.4,280,0,1,1
Javonte Williams,2023,23,DEN,RB,33,16,13,217,774,3,41,40.6,21,3.6,48.4,13.6,58,47,228,4.9,2,10,48.3,18,2.9,14.3,81.0%,3.9,264,3.8,1002,5,1,6
Javonte Williams,2024,24,DEN,RB,33,2,2,19,40,0,2,31.6,9,2.1,20.0,9.5,7,6,48,8.0,0,2,57.1,14,3.0,24.0,85.7%,6.9,25,3.5,88,0,0,
Jonathan Williams,2019,25,IND,RB,33,9,1,49,235,1,13,51.0,48,4.8,26.1,5.4,5,5,59,11.8,0,3,80.0,31,0.6,6.6,100.0%,11.8,54,5.4,294,1,0,2
Jonathan Williams,2020,26,DET,RB,41,5,0,1,5,0,0,100.0,5,5.0,1.0,0.2,4,4,21,5.3,0,2,75.0,10,0.8,4.2,100.0%,5.3,5,5.2,26,0,1,0
Jonathan Williams,2021,27,WAS,RB,35,5,0,17,79,1,7,64.7,23,4.6,15.8,3.4,6,4,28,7.0,0,2,33.3,19,0.8,5.6,66.7%,4.7,21,5.1,107,1,0,1
Jonathan Williams,2022,28,WAS,RB,35,13,2,37,152,0,6,43.2,23,4.1,11.7,2.8,10,7,40,5.7,0,2,30.0,21,0.5,3.1,70.0%,4.0,44,4.4,192,0,0,1
Jonathan Williams,2023,29,WAS,RB,18,1,0,1,-2,0,,0.0,-2,-2.0,-2.0,1.0,1,0,0,,0,,0.0,0,0.0,0.0,0.0%,0.0,1,-2.0,-2,0,0,0
Kyren Williams,2022,22,LAR,RB,23,10,0,35,139,0,6,42.9,17,4.0,13.9,3.5,12,9,76,8.4,0,5,58.3,15,0.9,7.6,75.0%,6.3,44,4.9,215,0,0,2,
Kyren Williams,2023,23,LAR,RB,23,12,11,228,1144,12,62,59.6,56,5.0,95.3,19.0,48,32,206,6.4,3,9,43.8,24,2.7,17.2,66.7%,4.3,260,5.2,1350,15,3,10,"AP2,PB"
Kyren Williams,2024,24,LAR,RB,23,2,2,30,75,2,7,40.0,9,2.5,37.5,15.0,8,7,31,4.4,0,1,37.5,10,3.5,15.5,87.5%,3.9,37,2.9,106,2,0,,
Trayveon Williams,2019,22,CIN,RB,32,11,0,,,0,,,,,,,,,,,0,,,,,,,,,,,0,,0
Trayveon Williams,2020,23,CIN,RB,32,10,0,26,157,0,5,53.8,55,6.0,15.7,2.6,5,5,30,6.0,0,1,60.0,13,0.5,3.0,100.0%,6.0,31,6.0,187,0,1,1
Trayveon Williams,2021,24,CIN,RB,32,5,0,15,51,0,4,53.3,10,3.4,10.2,3.0,2,1,4,4.0,0,0,0.0,4,0.2,0.8,50.0%,2.0,16,3.4,55,0,0,0
Trayveon Williams,2022,25,CIN,RB,32,8,0,6,30,0,1,33.3,16,5.0,3.8,0.8,3,2,30,15.0,0,1,33.3,24,0.3,3.8,66.7%,10.0,8,7.5,60,0,0,1
Trayveon Williams,2023,26,CIN,RB,32,17,0,15,69,0,2,33.3,15,4.6,4.1,0.9,9,7,10,1.4,0,0,11.1,5,0.4,0.6,77.8%,1.1,22,3.6,79,0,0,1
Trayveon Williams,2024,27,CIN,RB,32,2,0,,,0,,,,,,,,,,,0,,,,,,,,,,,0,0,
Emanuel Wilson,2023,24,GNB,RB,31,7,0,14,85,0,2,64.3,31,6.1,12.1,2.0,5,4,23,5.8,0,1,80.0,9,0.6,3.3,80.0%,4.6,18,6.0,108,0,1,1
Emanuel Wilson,2024,25,GNB,RB,31,2,0,9,55,0,3,55.6,18,6.1,27.5,4.5,3,2,2,1.0,0,1,33.3,2,1.0,1.0,66.7%,0.7,11,5.2,57,0,0,
Jeff Wilson,2019,24,SFO,RB,30,10,0,27,105,4,9,48.1,25,3.9,10.5,2.7,5,3,34,11.3,1,1,40.0,25,0.3,3.4,60.0%,6.8,30,4.6,139,5,0,1
Jeff Wilson,2020,25,SFO,RB,30,12,3,126,600,7,31,52.4,34,4.8,50.0,10.5,28,13,133,10.2,3,8,28.6,21,1.1,11.1,46.4%,4.8,139,5.3,733,10,2,4
Jeff Wilson,2021,26,SFO,RB,22,9,4,79,294,2,19,50.6,17,3.7,32.7,8.8,8,7,31,4.4,0,1,37.5,11,0.8,3.4,87.5%,3.9,86,3.8,325,2,1,2
Jeff Wilson,2022,27,2TM,RB,,16,7,176,860,5,43,50.0,41,4.9,53.8,11.0,37,22,185,8.4,1,7,35.1,16,1.4,11.6,59.5%,5.0,198,5.3,1045,6,3,7
Jeff Wilson,2023,28,MIA,RB,23,10,0,41,188,0,8,51.2,15,4.6,18.8,4.1,17,14,85,6.1,0,3,29.4,12,1.4,8.5,82.4%,5.0,55,5.0,273,0,0,2
Jeff Wilson,2024,29,MIA,RB,23,2,0,5,26,0,1,60.0,14,5.2,13.0,2.5,2,2,12,6.0,0,0,100.0,6,1.0,6.0,100.0%,6.0,7,5.4,38,0,0,
Jaylen Wright,2024,21,MIA,RB,25,1,0,5,4,0,,20.0,8,0.8,4.0,5.0,,,,,0,,,,,,,,5,0.8,4,0,0,
